entity,year,gdp_pc,repression,iv_repression,gross_fixed_capital_formation_perecent_of_gdp,trade_percentageof_gdp,inflation_consumer_prices_annual_perecentage_growth,population_growth_annual_percentage,expenditure_on_education,ln_gdp_pc
Albania,2005,2712.869838,2.138,0.907,38.45288852,69.11629266,2.366581957,-0.511790116,11.3716507,7.905762334360922
Albania,2006,2894.360326,2.138,0.907,38.37330646,72.20190895,2.370728319,-0.630911245,10.7679863,7.970519407388435
Albania,2007,3105.879676,2.138,0.907,36.44509205,79.91190089,2.932682482,-0.755718755,11.07501793,8.041052263743826
Albania,2008,3345.981618,2.138,0.907,35.06199285,75.24854728,3.320870904,-0.767342959,10.79070854,8.115515387807829
Albania,2010,3579.824132,2.138,0.907,30.17462318,75.53253297,3.627100915,-0.496461963,11.48573399,8.183068953048402
Albania,2011,3677.894579,2.138,0.907,31.69034618,80.69899853,3.428071301,-0.269017332,11.10684299,8.210095742165123
Albania,2012,3771.847819,2.138,0.907,28.62308041,76.96835832,2.031592684,-1.543136705,11.62699509,8.235320298029608
Albania,2013,3895.899756,3.209,0.964,27.80694496,75.75061856,1.937620802,-1.543144714,11.58003235,8.267679934451937
Albania,2014,4045.119349,3.209,0.964,26.5299242,75.02120231,1.625865044,-1.543137537,10.98846054,8.305266334372522
Albania,2015,4199.539129,3.209,0.964,26.08104053,71.27944766,1.896174026,-1.543120069,10.44102383,8.342730067060076
Albania,2016,4431.556358,3.209,0.964,25.6267467,74.01445045,1.275431684,-1.543134709,10.82978725,8.396506123687566
Albania,2017,4648.230787,3.209,0.955,26.25966857,76.78738179,1.986661332,-1.543151568,10.57019043,8.444241950268099
Albania,2018,4893.823755,3.209,0.955,25.91958386,75.69407837,2.028059631,-1.543099916,10.97069645,8.49572923088991
Albania,2019,5072.436484,3.209,0.955,24.6048342,75.38212893,1.41109079,-1.543137091,11.40017986,8.5315765499853
Albania,2020,4980.616995,3.209,0.941,25.19757554,59.52069944,1.620886617,-1.543155893,10.1343832,8.513309056922713
Albania,2021,5511.757434,3.209,0.941,27.21505618,75.59040409,2.041471631,-1.54312081,9.833778381,8.614638804831113
Algeria,2008,4367.56538,1.116,0.723,30.03976757,71.02849225,4.858590628,1.818853062,11.02075958,8.381961011558445
Algeria,2010,4456.610274,1.116,0.723,36.82474542,63.49121599,3.911061955,1.947058832,17.76915741,8.402143727795092
Algeria,2011,4501.354301,1.255,0.739,32.55504196,62.22008996,4.524211505,1.956894374,17.56471634,8.412133586258083
Algeria,2012,4518.43979,1.255,0.749,32.37227747,60.75763933,8.891450911,1.992807901,15.98372555,8.415922034034683
Algeria,2013,4543.23444,1.255,0.749,35.54827249,59.15100816,3.25423911,2.019531158,17.64603424,8.421394469094448
Algeria,2014,4634.101492,1.255,0.749,38.59920384,56.92354197,2.916926921,2.037865242,16.46920204,8.441197606349377
Algeria,2015,4685.059027,1.255,0.749,42.8089904,53.20462259,4.784447007,2.056247957,16.08455467,8.452133793739366
Algeria,2016,4768.731401,-0.201,0.581,43.38669353,49.76093279,6.397694803,2.055691112,16.11104393,8.469835594841674
Algeria,2017,4742.900755,0.359,0.658,41.5075398,49.82081617,5.59111591,2.032000608,17.55607224,8.464404201138315
Algeria,2018,4717.003589,0.359,0.658,41.0086253,52.43616768,4.269990205,1.937806233,15.61973667,8.45892904414893
Algeria,2019,4672.664087,0.824,0.717,39.87225001,46.50684261,1.951768211,1.840412914,16.02175903,8.449484656316105
Algeria,2020,4363.685338,0.856,0.624,39.08982169,40.38975656,2.415130941,1.711912165,16.54917145,8.381072240320343
Algeria,2021,4456.746876,0.433,0.571,35.11750351,46.83705926,7.226063074,1.619364602,16.05069733,8.402174378872505
Algeria,2022,4544.466881,0.054,0.437,30.38479045,51.19008937,9.265515516,1.587582107,13.10150623,8.421665701821851
Algeria,2023,4660.405457,0.244,0.46,32.72236868,43.73979845,9.322173759,1.498976012,13.26102352,8.446857731274635
Angola,2005,2843.396636,-0.361,0.395,28.98499667,95.34145929,22.95351385,3.646268934,7.992350101,7.952754615110232
Angola,2006,3065.055762,-0.361,0.395,22.88872551,84.62460412,13.30521018,3.684892016,7.454790115,8.027821041353269
Angola,2009,3494.807245,-0.096,0.429,43.00039714,102.2631833,13.73028393,3.801561875,11.46000004,8.159033501501796
Angola,2010,3540.791596,-0.096,0.429,28.91945189,90.99406314,14.46965649,3.851098249,8.68476963,8.172105595819048
Angola,2011,3528.168244,-0.096,0.429,27.4418409,89.03694434,13.48246792,3.887945997,8.960000038,8.168534104198253
Angola,2012,3682.352293,-0.096,0.429,27.78888117,81.93947855,10.27790492,3.883583555,8.370432854,8.211307037009593
Angola,2013,3716.297187,-0.009,0.427,27.1594385,77.34980137,8.777814293,3.84998069,8.826971054,8.22048307170899
Angola,2014,3746.8162,-0.009,0.427,28.43275736,69.58014245,7.280387304,3.732728067,7.1300001139999996,8.228661745015177
Angola,2015,3641.728939,-0.009,0.427,29.07212075,54.97938088,9.355972155,3.605071622,8.918776512,8.200213831103712
Angola,2016,3454.033172,-0.009,0.427,30.07617625,47.01556614,30.69441508,3.57644144,6.550973892,8.14729786259797
Angola,2017,3328.898212,0.397,0.493,29.1318691,45.66434235,29.8444799,3.540612215,6.763776779,8.110396660958571
Angola,2018,3196.79007,1.171,0.61,24.15925181,58.91648008,19.62893797,3.453233009,5.777524471,8.069902482218179
Angola,2019,3083.975344,1.171,0.629,24.59048603,60.71482433,17.08095414,3.387884222,6.045355797,8.033974739839328
Angola,2020,2864.16146,1.171,0.629,19.5519218,54.34422868,22.27153925,3.267958649,5.294735909,7.960030902189811
Angola,2021,2832.817771,1.114,0.623,15.95936565,61.52621367,25.75429488,3.1813226,6.919610023,7.94902717407652
Angola,2022,2860.902519,1.368,0.652,14.13703591,55.25477327,21.35529013,3.14302612,6.640471935,7.95889242011731
Angola,2023,2809.15728,1.368,0.652,12.29075497,53.03348363,13.64410178,3.080655307,7.73896265,7.940639816992815
Argentina,2018,13058.32854,1.698,0.835,15.2510495,30.76253595,34.27722371,0.82296948,12.52334023,9.477181411485208
Argentina,2019,12706.39781,1.364,0.806,14.19904614,32.63061505,53.54830435,0.710900853,12.51445961,9.44986091016684
Argentina,2020,11393.0506,2.076,0.891,14.28250537,30.20369881,42.01509474,0.484665637,12.42228985,9.340758852011874
Argentina,2021,12549.28117,2.076,0.887,17.29063258,33.07868957,48.40937863,0.265879395,12.28489971,9.437418665628687
Argentina,2022,13276.82321,1.19,0.816,17.61779019,31.58017926,72.43075753,0.210808731,12.70757961,9.493775178299229
Armenia,2013,3266.29883,1.841,0.789,21.212512,77.55504816,5.789667785,-0.06946627,8.749751091,8.091412766589128
Armenia,2017,3815.374743,1.804,0.787,17.648376,87.20237654,0.969553269,-0.43203845,8.891125679,8.246794167727973
Armenia,2018,4027.83393,2.557,0.92,16.74091087,92.47310702,2.52023382,-0.349674218,8.988576889,8.300984024090802
Armenia,2019,4343.458396,2.557,0.926,15.81559843,97.84700487,1.443446608,-0.219168932,10.00509262,8.376426175203543
Armenia,2020,4032.090435,2.557,0.926,17.77392125,70.12135714,1.211435778,-0.033760973,9.572380066,8.302040238815147
Armenia,2021,4264.799615,2.293,0.889,21.20394186,79.24890576,7.184836294,0.02700969,9.667304039,8.358150475234677
Armenia,2022,4791.004817,2.293,0.912,21.06911323,103.8786292,8.64091109,0.232656263,9.702664375,8.47449544230946
Australia,1999,44755.65997,3.026,0.98,25.32969882,38.96024671,1.483139467,1.093975803,14.12623692,10.708973195481645
Australia,2000,45979.07657,3.026,0.98,25.89196542,40.86312577,4.457437059,1.144472851,14.42712498,10.735941714818415
Australia,2001,46314.62353,3.026,0.98,23.15820217,44.1337314,4.407129986,1.283968091,15.16472816,10.743213033186993
Australia,2002,47599.40793,3.026,0.98,24.25546236,41.38131281,2.98157117,1.137538736,15.55063248,10.770575601696775
Australia,2003,48509.66322,3.026,0.98,26.00703094,40.13480118,2.732597548,1.150192733,15.61610031,10.789518298729078
Australia,2004,50018.59045,3.026,0.98,26.58806592,36.95051596,2.343256871,1.069198122,15.51314545,10.820150024306445
Australia,2005,50972.64052,3.026,0.98,26.96762431,39.09788226,2.691829496,1.217290731,15.82420254,10.839044307367946
Australia,2006,51682.89252,3.026,0.98,27.74128666,41.48789235,3.55528697,1.349450831,15.62589169,10.852882106704474
Australia,2007,52671.32585,3.026,0.98,27.34717558,41.92974513,2.327614426,1.824996795,15.09505367,10.87182648493448
Australia,2008,53497.27536,3.026,0.98,28.14940816,42.75222079,4.350297267,2.003911405,15.0764637,10.887386003736763
Australia,2009,53430.52748,3.026,0.98,27.51298878,45.59361209,1.771120257,2.060833163,14.79484749,10.88613753725944
Australia,2010,53768.34973,3.026,0.98,26.94613524,40.39050709,2.918337021,1.555706262,17.11578178,10.892440278055073
Australia,2011,54296.23213,3.026,0.98,25.94328683,41.72198601,3.303847847,1.389527316,17.12748146,10.902210113643351
Australia,2012,55465.44629,3.026,0.98,27.31759085,43.01984955,1.762782991,1.745820001,15.39351368,10.923515516475915
Australia,2013,55966.15093,3.026,0.98,27.72863956,41.10051188,2.449882481,1.72115144,15.56298923,10.93250233928657
Australia,2014,56571.80625,3.026,0.98,26.75823016,42.29930954,2.487929321,1.491566489,15.03333378,10.943266017295382
Australia,2015,56970.3613,3.026,0.98,26.11138058,41.49475069,1.508368031,1.439216653,14.88242722,10.950286434388683
Australia,2016,57632.99959,3.026,0.977,25.28410439,40.81340222,1.276993657,1.561940498,14.89055347,10.961850592182573
Australia,2017,57991.77135,3.026,0.962,23.97442501,42.03541353,1.948643091,1.646827797,14.84958649,10.96805640618773
Australia,2018,58772.70632,3.026,0.962,24.38638801,43.57322536,1.911400028,1.49599671,15.10843658,10.98143284789136
Australia,2019,59181.29979,3.026,0.954,23.32198743,46.00168271,1.610770929,1.477490711,15.29336834,10.988360889045216
Australia,2020,58377.76705,3.026,0.954,22.72793546,44.4995641,0.846900735,1.233428251,14.45625305,10.97469039513259
Australia,2021,59465.53567,3.026,0.954,22.58263061,40.20223594,2.863912847,0.140895083,13.14539528,10.993152191276831
Australia,2022,61200.4589,3.026,0.954,23.11568906,45.69464188,6.594096587,1.28931131,13.94469357,11.021909966838319
Austria,1995,33603.42783,2.061,0.922,25.68143529,68.52500575,2.243366315,0.153106261,9.900216103,10.422383359497736
Austria,1996,34301.65622,2.885,0.955,25.97923942,70.4693163,1.860971158,0.135019834,9.884145737,10.442948918285662
Austria,1997,34998.03212,2.885,0.955,25.54107351,75.24447603,1.305978572,0.113316608,10.37141228,10.463047113748
Austria,1998,36180.74906,2.885,0.955,25.58285019,77.34952166,0.922467197,0.109728368,10.23663616,10.496282462438671
Austria,1999,37468.86989,2.885,0.955,25.0791471,78.56293298,0.568993766,0.194563153,10.33584023,10.531265730937916
Austria,2000,38571.08588,2.885,0.955,25.70604997,85.84260773,2.344862854,0.240466652,10.2170248,10.560258204293138
Austria,2001,38929.7538,2.885,0.955,24.92791306,87.99625672,2.650000773,0.382799394,10.10911369,10.569514116412913
Austria,2002,39313.72251,2.885,0.955,23.62307749,87.58449371,1.810357878,0.491980464,10.1529274,10.579328910192991
Austria,2003,39569.28856,2.885,0.955,24.19412123,86.88222632,1.355553709,0.487133895,10.26278591,10.585808554940611
Austria,2004,40333.33072,2.885,0.955,23.76824666,91.47422019,2.06120618,0.620413127,9.150461197,10.604933471117377
Austria,2005,40989.01318,2.885,0.955,23.23458642,94.67475478,2.299137856,0.681267248,9.399205208,10.621059338556229
Austria,2006,42120.1557,2.885,0.955,22.8306808,98.78572532,1.441548511,0.494797775,9.533905029,10.648281662822276
Austria,2007,43568.83022,2.885,0.955,23.13939735,101.3649584,2.168555288,0.324146535,9.526359558,10.682097270460957
Austria,2008,44063.8642,2.885,0.955,23.53379701,102.7437044,3.215950332,0.313041438,9.722205162,10.693395319642732
Austria,2009,42372.47583,2.885,0.955,22.6637108,87.6004931,0.506308828,0.26195319,9.458568573,10.654254275474914
Austria,2010,43035.40735,2.885,0.955,21.86115542,99.64488255,1.81353439,0.2403943,9.693655014,10.669778482590072
Austria,2011,44146.19568,2.885,0.955,22.70735925,105.7750984,3.286579149,0.337080842,9.803499222,10.695262034256006
Austria,2012,44221.45995,2.885,0.955,22.95274343,105.8407914,2.485675622,0.455937472,9.770256996,10.696965469470234
Austria,2013,43851.36755,2.885,0.964,23.31211015,104.985374,2.000156169,0.589387255,9.733651161,10.688561184315166
Austria,2014,43838.83459,2.885,0.964,22.96717884,104.49674,1.60581183,0.781541633,9.422001839,10.688275338011257
Austria,2015,43915.22802,2.885,0.964,22.8959622,103.1175817,0.896563335,1.120992502,9.650598526,10.69001641864105
Austria,2016,44362.67028,2.885,0.964,23.32191024,101.5734946,0.891591753,1.081396299,9.778713226,10.700153635324392
Austria,2017,45056.63859,2.885,0.964,23.84594512,105.5560668,2.081269114,0.694621104,9.819505692,10.71567561266834
Austria,2018,45951.58192,2.885,0.964,24.31359376,108.37797,1.998379814,0.487071925,9.811909676,10.735343554177092
Austria,2019,46550.56225,2.885,0.968,25.08011172,108.2072849,1.530895642,0.444673639,9.881762505,10.748294361042582
Austria,2020,43428.69831,2.885,0.978,25.1342567,99.94821411,1.381910634,0.415176732,8.949609756,10.67887575294062
Austria,2021,45368.64343,2.885,0.978,25.86465416,111.0329321,2.766666667,0.435671684,8.811378479,10.722576472056703
Austria,2022,47332.42404,2.885,0.967,25.21272038,123.5795787,8.546869932,0.956287797,8.977280617,10.76495083730823
Azerbaijan,2008,4778.124527,0.748,0.352,18.5787748,89.24289686,20.84908718,2.099854033,8.504220963,8.471803390124617
Azerbaijan,2009,5118.433955,0.748,0.382,18.81943177,74.74404168,1.45704836,2.076148264,10.04566574,8.540603803082284
Azerbaijan,2010,5300.110487,0.748,0.382,18.16672554,74.98598846,5.726872247,1.189787708,9.186688423,8.5754829459267
Azerbaijan,2011,5149.206659,0.748,0.353,20.17760455,80.50804501,7.858333333,1.303000855,7.776549816,8.546597934995239
Azerbaijan,2012,5193.175011,0.748,0.353,22.45518662,78.26306954,1.066213397,1.328763827,7.737988949,8.555100544605153
Azerbaijan,2013,5425.995598,0.978,0.488,25.79388814,74.67584476,2.415717453,1.293447027,7.118692398,8.598956681939521
Azerbaijan,2014,5508.602656,0.978,0.488,27.43039375,69.4832252,1.373441815,1.248208997,7.699596882,8.614066268532769
Azerbaijan,2015,5500.503646,0.907,0.481,27.82530342,72.60150791,4.027685737,1.191209858,8.266283035,8.612594939028103
Azerbaijan,2016,5272.718171,0.928,0.424,25.03458822,90.07731873,12.44337486,1.11785721,9.445950508,8.57030129053904
Azerbaijan,2017,5229.2526,1.047,0.505,23.81720782,90.40231568,12.93591842,0.981261805,7.820628166,8.562023640537138
Azerbaijan,2018,5261.929382,1.164,0.416,20.69407681,91.67257654,2.268546904,0.866316916,8.454236031,8.568253041137702
Azerbaijan,2019,5346.953186,1.186,0.486,21.1295518,85.81814541,2.610571828,0.846646726,8.593153,8.584282179720578
Azerbaijan,2020,5087.500228,1.303,0.475,22.66647928,72.01786765,2.75980947,0.684365325,9.802010536,8.534541874566575
Azerbaijan,2021,5349.582261,1.297,0.472,16.22712525,76.28686569,6.650299127,0.441197736,10.78862762,8.584773754785415
Bahrain,2006,23095.01813,0.523,0.49,29.49945313,147.1041811,2.007469655,7.747786313,11.91866016,10.0473722078828
Bahrain,2007,23112.48881,0.351,0.433,33.55127239,137.7850506,3.256666667,7.892302403,11.02672958,10.048128391541667
Bahrain,2008,23127.2148,0.351,0.433,34.5226692,145.8825111,3.526003164,5.994072321,10.55867004,10.048765332929616
Bahrain,2010,22224.07362,0.351,0.405,27.41173623,115.5614864,1.961884683,4.165859919,8.625524521,10.008931377623627
Bahrain,2011,23288.04494,-1.257,0.147,21.48707939,167.529641,-0.400040697,-2.766599276,8.769654274,10.055695415172824
Bahrain,2012,23894.88044,-0.934,0.173,27.17295544,178.8240208,2.7573967,1.160087287,8.179829597,10.081419507442511
Bahrain,2013,24271.62788,-0.854,0.184,25.11251678,184.5895088,3.300011569,3.592930394,7.458600044,10.097063370224909
Bahrain,2014,24135.49913,-0.668,0.201,26.09021092,168.5758581,2.647553212,4.781043184,8.684029579,10.091439028634841
Bahrain,2015,23734.05511,-0.469,0.27,24.42366356,147.9160602,1.848627424,4.154221842,7.32818985,10.074666220207726
Bahrain,2016,23715.27913,-0.469,0.27,26.83237655,132.8229979,2.786793476,3.823163003,9.620668411,10.073874808430059
Bahrain,2017,23606.88675,-0.682,0.246,28.45552401,136.4292398,1.386718306,5.293145273,7.223849773,10.069293759885703
Bahrain,2018,24059.78386,-0.682,0.279,29.64739514,144.0753726,2.08766938,0.131482304,9.251309395,10.088297006113423
Bahrain,2019,24873.66401,-0.23,0.347,27.54537086,135.4175434,1.005820047,-1.294694377,8.557403564,10.121564852443756
Bahrain,2020,23586.93096,-0.23,0.379,29.08552536,135.460985,-2.317706293,-0.781611308,9.366903305,10.068448064743512
Bahrain,2021,24086.78478,-0.23,0.379,24.84181996,153.7993165,-0.606319385,2.161028459,9.080582619,10.08941861970265
Bahrain,2022,25234.40256,-0.23,0.379,26.84918034,167.1412412,3.625741043,1.342219606,9.295536041,10.135963523439615
Bangladesh,1987,452.6597569,-0.736,0.25,15.47344203,16.68779763,9.874696091,2.238799192,10.46842957,6.115140754753762
Bangladesh,1990,473.444821,-0.736,0.25,16.45867552,18.96650201,6.12671847,1.990333689,11.19102955,6.16003537151658
Bangladesh,1991,480.673359,-0.555,0.443,16.89594746,18.88982689,6.357364123,1.910610962,11.06210041,6.175187952103439
Bangladesh,1992,497.3711737,-0.555,0.443,17.30502928,19.9340055,3.634076918,1.884873063,12.53666973,6.2093365757293135
Bangladesh,1993,511.1935094,-0.555,0.443,17.94683201,23.12158307,3.0148186,1.862772253,12.11384964,6.236748206190858
Bangladesh,1997,566.2711408,-0.555,0.443,21.81621451,26.32551339,5.305601057,1.853490895,15.19686985,6.339073010846456
Bangladesh,1999,600.2323232,-0.555,0.443,22.7213703,28.38794056,6.106695898,1.899517801,18.12978935,6.39731678560484
Bangladesh,2000,620.5604728,-0.555,0.468,23.80856257,29.32171436,2.208256209,1.827328067,20.49041939,6.43062305807481
Bangladesh,2001,641.2889229,-0.555,0.468,24.17430673,32.09801707,2.007173742,1.666893247,18.58477974,6.463480093122433
Bangladesh,2002,655.6721394,-0.46,0.457,24.34141614,28.96738072,3.332564933,1.543406357,15.69379997,6.485660876508687
Bangladesh,2003,676.826252,-0.46,0.457,24.67918886,27.6578849,5.668707734,1.455305305,16.68162918,6.517414595955838
Bangladesh,2004,702.6563571,-0.581,0.314,24.99183394,26.85823415,7.587536385,1.361547907,15.95312023,6.554867948826684
Bangladesh,2006,779.4195704,-0.581,0.314,26.14414575,38.11192443,6.765261171,1.161167751,17.33653069,6.658549502160834
Bangladesh,2007,825.50823,-0.463,0.284,26.17849707,39.94238265,9.106984969,1.075642532,18.15340042,6.715999233025809
Bangladesh,2008,866.4581576,-0.463,0.289,26.2022714,42.62091403,8.901944895,0.998440566,17.81619072,6.764413819011061
Bangladesh,2009,901.7296263,-1.128,0.223,26.20605702,40.09279622,5.423472362,0.931892491,14.02987003,6.804314726015797
Bangladesh,2011,995.5799472,-1.163,0.216,27.42097337,47.42084984,11.39516516,0.908525896,16.79397011,6.903325428868338
Bangladesh,2012,1050.391404,-1.163,0.216,28.26233501,48.11092275,6.217504221,0.958355913,12.27794361,6.9569181394059765
Bangladesh,2013,1103.156959,-0.882,0.258,28.38962075,46.29640272,7.530406409,0.93840835,11.81209469,7.005931311033446
Bangladesh,2014,1159.407535,-0.882,0.255,28.57787571,44.5140802,6.991638892,0.911167734,13.30632782,7.055664407935748
Bangladesh,2015,1224.386477,-1.045,0.236,28.88668925,42.08599631,6.19428023,0.893819378,12.04410267,7.1101951624169955
Bangladesh,2016,1299.830914,-1.045,0.236,30.23976392,31.33415013,5.513525727,0.892432416,13.98173618,7.169989468836446
Bangladesh,2017,1373.753637,-1.045,0.236,30.94687312,29.99973067,5.702070157,0.850917316,13.85498238,7.225302153212052
Bangladesh,2018,1462.250503,-1.236,0.208,31.82257477,32.51463172,5.543621395,0.820955198,11.95792007,7.287731968313501
Bangladesh,2019,1564.208024,-1.463,0.187,32.21373311,31.57805449,5.591996399,0.846411252,11.32936764,7.355134919933154
Bangladesh,2020,1604.665923,-1.639,0.173,31.30794134,26.27144738,5.691074747,0.836310836,10.38743782,7.3806708662348335
Bangladesh,2021,1702.080284,-1.662,0.182,31.01873874,27.7240047,5.545654308,0.814977994,10.22130299,7.439606478408611
Bangladesh,2022,1804.349346,-0.966,0.253,32.04727558,33.77996727,7.696954372,1.024233847,11.66198349,7.497955332650731
Bangladesh,2023,1885.377336,-0.966,0.223,30.95120008,30.98297141,9.883503038,1.221714755,10.67466259,7.541883258098456
Belarus,2003,3137.262614,1.814,0.668,23.74824968,134.1418523,28.39783991,-0.699809191,13.96971226,8.051105919701117
Belarus,2004,3520.404526,1.814,0.668,25.31735205,142.1365104,18.10824249,-0.682169472,14.35278988,8.166331184148188
Belarus,2005,3877.717389,1.814,0.668,26.51662668,118.8843517,10.33887945,-0.68300556,14.26339626,8.263001957695788
Belarus,2006,4291.686472,1.814,0.668,29.66076678,124.2951039,6.997129035,-0.612296198,14.29337883,8.36443505168813
Belarus,2007,4682.206767,1.814,0.668,31.37632468,128.153878,8.426752735,-0.458847536,13.0917244,8.451524809185948
Belarus,2008,5177.645348,1.814,0.668,33.30374726,129.5994785,14.83787648,-0.345415054,12.12493229,8.552105665883909
Belarus,2009,5200.774186,1.814,0.668,35.53743262,108.6356448,12.94565634,-0.245915441,12.1798172,8.556562775410782
Belarus,2010,5616.094117,1.752,0.613,38.82708438,115.917973,7.735748043,-0.218522756,13.43798161,8.633391704290291
Belarus,2011,5941.689992,1.853,0.656,37.68588586,157.9742551,53.22869831,-0.234282914,14.53167248,8.689748882328981
Belarus,2012,6052.637371,1.781,0.656,33.41611021,153.0852693,59.21973602,-0.1566176,13.08640671,8.708249385126315
Belarus,2013,6115.432881,1.968,0.681,37.18684605,119.8159652,18.31226104,-0.03838,12.77383041,8.718570835640307
Belarus,2014,6212.916674,1.968,0.681,33.22436403,110.6514244,18.11955435,0.056151568,13.52054405,8.734385738417345
Belarus,2015,5967.055951,1.968,0.681,28.65431481,115.9148262,13.53448976,0.132853237,13.05056095,8.69400894421685
Belarus,2016,5811.201592,1.968,0.698,25.44007836,125.2093229,11.83658077,0.087721088,13.57799625,8.667542642920626
Belarus,2017,5964.896688,1.968,0.727,26.15798661,133.3677547,6.031837252,-0.109782323,12.97870255,8.693647014683789
Belarus,2018,6165.9132,2.393,0.774,26.2274188,139.3937363,4.872302206,-0.213824207,13.26404095,8.726791531149477
Belarus,2019,6267.735087,2.393,0.774,27.03453743,130.8504061,5.59815595,-0.201786601,13.07826328,8.7431703382241
Belarus,2020,6251.98899,-1.187,0.086,25.3653467,118.9341761,5.548143575,-0.42347525,12.87037659,8.740654930503348
Belarus,2021,6457.730537,-1.013,0.131,22.5711362,136.0141679,9.460283896,-0.828232721,12.36244392,8.773033224990892
Belarus,2022,6206.619097,-0.94,0.141,19.44771628,120.0242076,15.20967527,-0.804228427,12.81081104,8.733371597847864
Belgium,1995,31508.62266,3.093,0.981,21.23174074,116.3785678,1.467966991,0.209436838,11.00442123,10.358016522593164
Belgium,1996,31862.66939,3.093,0.981,21.18466301,119.2127758,2.077021074,0.195393176,11.15247822,10.369190364951134
Belgium,1997,32991.50101,3.093,0.981,21.8542937,125.6889401,1.628160495,0.241991885,11.27159309,10.404005262126654
Belgium,1998,33566.98759,3.093,0.981,21.7804885,124.7091226,0.949250288,0.213527651,11.50082493,10.421298350767417
Belgium,1999,34676.60516,3.093,0.981,22.16653543,125.1699905,1.120848234,0.229189103,11.41945934,10.453820535676138
Belgium,2000,35878.31536,3.093,0.981,22.50706383,142.2301351,2.544517762,0.242517956,11.20520401,10.48788836300802
Belgium,2001,36148.28809,3.093,0.981,22.39027083,139.5768398,2.469258231,0.343951158,11.50085735,10.49538487072562
Belgium,2002,36600.86259,3.093,0.981,20.69642412,136.0851495,1.645214362,0.448268895,11.6047554,10.507827087144523
Belgium,2003,36826.26993,3.093,0.981,20.49418884,132.7155528,1.588964,0.418641508,11.54364491,10.513966726275934
Belgium,2004,37976.6973,3.093,0.981,21.46185041,136.9184053,2.097283112,0.432788248,11.4161129,10.54472802165938
Belgium,2005,38645.26052,3.093,0.981,22.15389359,144.5290507,2.781432637,0.550055708,10.97798347,10.562179420881943
Belgium,2006,39371.08583,3.093,0.981,22.32543906,149.5675093,1.791207701,0.659558215,11.53674412,10.580786963694619
Belgium,2007,40520.08432,3.093,0.981,23.29301444,152.4684469,1.8230563,0.734330831,11.36902332,10.609553039308135
Belgium,2008,40380.9075,3.093,0.981,24.11814191,161.0884478,4.489444205,0.789976845,11.27712917,10.60611236561132
Belgium,2009,39293.63755,3.093,0.981,22.55005178,135.1384057,-0.053145674,0.804599573,11.13274479,10.578817890349004
Belgium,2010,39991.56462,3.093,0.981,21.93824289,150.1625636,2.189299204,0.913639392,11.21544456,10.59642382635681
Belgium,2011,40236.95963,3.093,0.981,22.79000616,160.7655169,3.532082107,1.301002902,11.22957039,10.602541246004616
Belgium,2012,40074.4928,3.093,0.981,22.82362324,160.3833014,2.839663434,0.620163579,11.06992149,10.598495321128167
Belgium,2013,40007.89979,3.093,0.981,22.15585114,157.5736228,1.11309594,0.471340144,11.35172081,10.596832208346553
Belgium,2014,40533.9135,3.093,0.981,22.84091967,158.571611,0.340002833,0.443929288,11.34249592,10.609894273066027
Belgium,2015,40893.80454,3.093,0.981,23.1519861,155.068682,0.561429153,0.579446242,11.73614788,10.618733852317296
Belgium,2016,41172.88628,3.093,0.981,23.51982218,159.0576966,1.973852647,0.506300002,11.69543076,10.62553521869476
Belgium,2017,41619.32863,3.093,0.981,23.50415149,166.9040782,2.12597086,0.385228018,11.97686672,10.63631996887086
Belgium,2018,42208.36257,3.093,0.981,23.77498358,168.2776929,2.053164999,0.455184695,11.87883949,10.650373645557856
Belgium,2019,43006.40423,3.093,0.981,24.23120988,165.4654789,1.43681957,0.540461327,11.81700134,10.669104319167293
Belgium,2020,40769.02181,3.093,0.981,24.03387249,156.9501213,0.740791812,0.430996815,11.14883709,10.615677802638539
Belgium,2021,43140.96767,3.093,0.981,23.91638567,177.3818924,2.440248511,0.411601997,11.31968021,10.672228350614155
Benin,1998,821.4599714,1.489,0.827,17.27875476,59.5936253,5.753314584,3.082966821,18.46174049,6.71108321005766
Benin,1999,838.976787,1.489,0.827,20.05968561,54.39178915,0.326722893,3.093695847,17.88518906,6.732183038623192
Benin,2000,861.213292,1.489,0.827,18.72600357,47.3481515,4.165404423,3.076652652,13.51319981,6.758342199648853
Benin,2001,879.8544638,1.489,0.827,19.06306631,48.25717064,3.984295478,3.054355066,15.31058025,6.779756511749679
Benin,2002,893.137101,1.489,0.827,16.91268416,43.76842254,2.489162355,3.040108016,14.12907982,6.794740097647628
Benin,2003,896.1467632,1.489,0.827,17.5433639,41.61623056,1.487242461,3.049202597,16.68252945,6.7981041977757535
Benin,2004,907.6244312,1.489,0.827,16.08666085,39.90297434,0.873890831,3.061731061,19.2139492,6.8108306710096755
Benin,2005,893.9153687,1.489,0.827,15.04108686,39.09593119,5.364520858,3.220611997,18.79039001,6.7956111048087475
Benin,2006,900.6205358,1.489,0.803,14.16144095,39.77469871,3.782176965,3.120668883,19.70960999,6.803084009961488
Benin,2007,926.7401138,1.489,0.826,17.05747393,49.11378415,1.298068133,2.955095547,14.94869041,6.831673174372108
Benin,2008,943.2033803,1.489,0.826,15.84500887,47.77535927,7.947298761,3.019593985,19.08857918,6.849281933080182
Benin,2009,936.5656511,1.489,0.826,16.56555047,44.70262906,0.896072356,2.999036422,18.17561913,6.842219622043194
Benin,2010,928.2466553,1.489,0.826,17.64999674,51.43085995,2.207835325,2.984241628,26.14396095,6.8332974898188095
Benin,2011,927.7164128,1.427,0.822,18.226328,47.21702881,2.704239077,2.977822028,20.95999908,6.832726096428995
Benin,2012,943.9187715,1.427,0.822,16.2040296,50.73673678,6.744682533,2.9676654,25.02131081,6.850040115303402
Benin,2013,982.3992063,1.427,0.821,20.70826275,59.20019183,0.428888889,2.948851601,22.34122086,6.889997749473171
Benin,2014,1014.433006,1.427,0.821,21.6376627,65.26827494,-0.548757551,2.955018759,22.22771072,6.922085120614198
Benin,2015,1002.418869,1.554,0.828,20.49573923,56.75631318,0.218785924,2.953916277,17.4795208,6.910171227227518
Benin,2016,1006.039266,1.948,0.87,19.72249305,58.98692834,-0.793310146,2.924602167,18.79140091,6.913776381707108
Benin,2017,1032.904712,2.321,0.921,23.4384504,61.47659696,0.043264856,2.881178694,19.87965012,6.9401302209152425
Benin,2018,1071.504522,2.321,0.913,25.90056276,61.79519449,0.919170718,2.813641884,17.70918083,6.976819035156709
Benin,2019,1114.173045,2.321,0.891,25.17325563,63.68133231,0.732849371,2.735388428,18.21017075,7.015867745048521
Benin,2020,1126.654041,2.145,0.851,25.20651739,44.83323338,3.022721197,2.662598752,16.41282272,7.027007493533147
Benin,2021,1176.377276,2.145,0.851,28.44744444,48.05486083,1.733539627,2.592301675,15.28315258,7.070194889934279
Benin,2022,1218.496689,2.145,0.851,30.73287577,44.38159289,1.350778636,2.547409263,16.09460258,7.10537315578623
Benin,2023,1263.621583,2.145,0.851,34.12177731,44.66313082,2.738700784,2.522747723,19.04263687,7.141737149345529
Bhutan,2000,1259.623765,0.991,0.734,52.3538772,74.02649711,4.012120811,2.422280776,13.92039013,7.138568356149555
Bhutan,2001,1321.098782,0.991,0.734,62.23825397,71.09457473,3.414789461,2.307214379,13.22609997,7.18621907992491
Bhutan,2004,1552.739152,0.991,0.773,68.93443326,89.0605518,4.105936983,1.999900532,18.60663033,7.347775845100405
Bhutan,2005,1632.021695,0.991,0.773,61.71060973,97.74341354,5.312631046,1.725267171,22.83286095,7.397574828940597
Bhutan,2008,2017.760189,1.366,0.812,45.2241686,101.9542357,8.327160494,1.129688965,15.1049099,7.609743357875786
Bhutan,2009,2148.564804,1.366,0.812,49.7747232,101.5594116,4.361122191,1.106551061,12.84471035,7.672555365199083
Bhutan,2010,2378.728108,1.366,0.815,62.73690059,105.0106667,7.036383161,1.095438076,10.29551983,7.774321215415093
Bhutan,2011,2552.488711,1.366,0.815,67.79043837,102.7956002,8.848985699,1.097807,11.3875103,7.84482412730622
Bhutan,2013,2671.074602,1.549,0.818,63.35056632,95.05253828,8.776383453,1.108324945,15.68694973,7.890236143083076
Bhutan,2014,2797.81884,1.549,0.821,54.62804126,87.9342562,8.271060939,1.078717986,17.45413971,7.936595406881978
Bhutan,2015,2954.040819,1.549,0.821,56.1511419,89.63916046,4.548143951,1.014965724,19.90532303,7.990929281208447
Bhutan,2016,3173.367732,1.549,0.821,56.92566527,76.38475285,3.219886894,0.973884474,18.22546768,8.062548678974517
Bhutan,2017,3211.809033,1.493,0.816,54.26420338,76.78840169,4.95508367,0.861274888,19.45207024,8.074589619065057
Bhutan,2018,3300.550065,1.493,0.856,53.60363353,79.73972033,2.723963862,0.716471131,17.20658875,8.101844419927579
Bhutan,2019,3467.38599,1.406,0.873,45.79967957,76.1235167,2.726430374,0.664446427,18.08603477,8.15115627205219
Bhutan,2020,3092.124284,1.547,0.883,38.57053485,71.83035104,5.629365226,0.675256503,18.54933548,8.036613604242321
Bhutan,2021,3206.20367,1.547,0.812,43.98969895,77.58244827,7.346814405,0.703488234,15.70978165,8.072842858912145
Bhutan,2022,3349.733096,1.63,0.834,55.10768815,85.57121652,5.639166714,0.703183918,19.65393448,8.116635948809241
Bhutan,2023,3480.513886,1.63,0.834,44.60665448,81.73662787,4.229344199,0.698146585,17.80044174,8.15493523025742
Bolivia,2006,2221.427226,1.868,0.891,14.29667967,74.53784843,4.282396048,1.704640623,21.56677055,7.705905162892719
Bolivia,2007,2283.427336,1.868,0.891,16.13959369,76.06191145,8.705609236,1.710516527,20.58189964,7.733432810791834
Bolivia,2008,2383.250326,1.868,0.891,17.24871715,82.8670209,14.00681077,1.688114369,19.02747917,7.7762205181616775
Bolivia,2009,2422.575794,1.868,0.891,16.4792608,68.62707391,3.346454201,1.665271206,22.81318092,7.792586630788377
Bolivia,2010,2481.407009,1.873,0.89,16.57224535,75.51162625,2.503276058,1.644406818,22.13941956,7.816581020619918
Bolivia,2011,2568.520517,1.873,0.89,18.96562563,82.48039542,9.884464198,1.622769787,18.24453926,7.851085337806118
Bolivia,2012,2657.238849,1.785,0.884,18.36287724,84.94876117,4.515602914,1.599651762,18.39156914,7.885042835961194
Bolivia,2013,2793.514571,2.101,0.889,19.06008183,81.23090753,5.736400237,1.573744476,17.69924927,7.935055784922829
Bolivia,2014,2900.902416,2.101,0.889,20.98204962,85.26446956,5.766600746,1.544558778,17.28778076,7.972777145499789
Bolivia,2015,2996.012898,2.617,0.926,21.37105961,67.93284519,4.059610411,1.516861198,18.26491928,8.005037649701274
Bolivia,2016,3077.570576,2.169,0.905,20.67048419,56.4010345,3.623214318,1.48970584,20.41271019,8.031895790695735
Bolivia,2017,3160.164212,2.61,0.928,23.11766583,45.57611237,2.822758055,1.461245723,20.97863007,8.058379271053566
Bolivia,2018,3204.536708,2.61,0.928,22.82329911,46.92619534,2.272059872,1.433370907,21.60943031,8.07232280601988
Bolivia,2019,3207.386952,1.185,0.795,22.91420534,45.82097327,1.83954505,1.406578238,22.43413925,8.073211850973898
Bolivia,2020,2765.092718,1.215,0.834,15.79373053,37.51643424,0.940742153,1.233964427,22.21692085,7.924829446124786
Bolivia,2021,3011.551108,1.736,0.836,17.04314899,47.66708432,0.737383721,1.019312841,23.14578056,8.010210543284483
Bosnia and Herzegovina,2016,4876.534715,2.138,0.885,21.09124457,88.244034,-1.5841,-1.302677748,10.28658009,8.492190147221962
Bosnia and Herzegovina,2018,5360.25201,1.53,0.813,22.82227039,98.43206942,1.41710814,-1.223135694,9.630789757,8.586766269750639
Bosnia and Herzegovina,2019,5583.297213,1.818,0.845,23.06392152,94.51612515,0.562782154,-1.231855065,10.1331501,8.627534779250745
Bosnia and Herzegovina,2021,5995.541976,1.841,0.859,21.62668317,96.73911444,1.981639006,-1.663848602,10.377790449999999,8.698771468045917
Botswana,1983,2484.517956,1.996,0.897,27.2310145,124.6490648,10.47714381,3.587802578,14.22157001,7.817833938224953
Botswana,1984,2603.448657,1.996,0.897,26.33065392,118.7734707,8.577469043,3.523986847,15.38490963,7.8645922516479825
Botswana,1985,2693.781882,1.996,0.897,22.82939249,117.5228082,8.0945758,3.471958561,15.27449989,7.898701389327262
Botswana,1986,2816.769372,1.996,0.897,22.36424777,117.4595896,10.00171556,3.391640672,15.36186981,7.943345894450288
Botswana,1987,3050.231762,1.996,0.897,27.5284134,123.5717533,9.801933874,3.264695607,16.55583954,8.022972854255533
Botswana,1988,3536.423254,1.996,0.897,29.95678068,114.4515902,8.351679568,2.982917184,15.8807497,8.17087111512365
Botswana,1990,4039.465445,1.996,0.897,32.35588137,104.8473204,11.39634612,2.75036067,16.36691093,8.303867646606657
Botswana,1992,4226.739995,1.996,0.897,29.5505207,89.75125459,16.1676124,2.812820809,16.16987038,8.34918628814738
Botswana,2005,5514.217427,1.996,0.897,25.33981253,88.50535206,8.610225285,1.794991631,25.8235302,8.615085022616267
Botswana,2007,6085.635448,1.996,0.888,24.56792259,98.49652494,7.080998472,1.938134749,26.50778961,8.713686428564246
Botswana,2009,5179.413861,1.996,0.888,28.33510353,88.48078863,8.027297031,2.065878468,20.47739983,8.552447174604
Botswana,2010,5584.503432,1.996,0.868,26.76489412,94.63900209,6.948876587,2.109435975,23.55052757,8.627750796538844
Botswana,2011,5850.078586,1.996,0.868,30.19829213,98.96146778,8.459872334,1.968774796,24.19449997,8.674210373639946
Botswana,2012,5742.919245,1.996,0.853,31.46583173,111.8752806,7.536902611,1.677740212,21.67181969,8.6557229392993
Botswana,2013,6284.97678,1.526,0.834,27.58975352,125.7830399,5.884607071,1.50921875,20.91292,8.745917426506784
Botswana,2014,6547.122541,1.526,0.866,25.43543744,119.4975418,4.402253092,1.454418984,22.66012573,8.786780925388275
Botswana,2015,6141.203947,2.042,0.901,27.10328568,112.900891,3.062031696,1.427532237,23.05355263,8.722776084492804
Botswana,2016,6490.834636,2.042,0.881,24.51917227,100.4646898,2.814957914,1.419701726,22.00429153,8.778146404819259
Botswana,2017,6662.576448,2.042,0.881,24.17917645,81.92395138,3.308280768,1.420476473,22.8162632,8.804261542779752
Botswana,2018,6843.84612,2.042,0.881,26.3934732,87.45510399,3.238015589,1.418981085,22.56106567,8.831105150831789
Botswana,2019,6951.731891,2.042,0.913,28.84966512,83.09298136,2.772864429,1.422628471,22.34200096,8.846746100465072
Botswana,2020,6254.248062,2.042,0.913,27.63081994,77.66341786,1.890359168,1.439410358,21.46508789,8.741016201765868
Brazil,2001,6823.033185,0.603,0.611,18.4180865,26.93628502,6.840359025,1.303355032,9.290550232,8.828059400499917
Brazil,2002,6944.622576,0.603,0.641,17.92625082,27.61835741,8.450164377,1.241420626,8.133020401,8.845722909003294
Brazil,2004,7258.781017,0.603,0.641,17.32023332,29.67825248,6.5971851,1.12991417,9.672229767,8.889967189726898
Brazil,2005,7409.56828,0.917,0.727,17.05618346,27.08679521,6.869537209,1.095906125,10.32973003,8.91052745478448
Brazil,2006,7622.039194,0.917,0.727,17.21029958,26.04169989,4.183568129,1.058338425,11.39523983,8.938799223640475
Brazil,2007,8003.25321,0.917,0.727,17.99576134,25.29261138,3.641272991,1.012368206,11.96280003,8.987603389251761
Brazil,2008,8330.76364,0.917,0.727,19.38532955,27.25756942,5.678593903,0.957984636,12.64301968,9.02771040442852
Brazil,2009,8246.096121,0.917,0.727,19.10195804,22.10597561,4.888034799,0.895632239,13.09782028,9.017495169880934
Brazil,2010,8792.63335,0.917,0.727,20.53467365,22.77217811,5.038726901,0.840883225,13.3970499,9.081669530568075
Brazil,2011,9067.99212,0.917,0.727,20.60896421,23.93440518,6.636449622,0.813813884,13.63895988,9.112506142637187
Brazil,2012,9167.498185,0.917,0.727,20.71671277,25.11427361,5.40349914,0.811598483,13.96629047,9.12341970196346
Brazil,2013,9366.738247,0.917,0.727,20.91192187,25.78595733,6.204310666,0.810511648,13.72297001,9.144920208652996
Brazil,2014,9338.341708,0.917,0.727,19.8730289,24.68540581,6.329040155,0.806314178,13.46776962,9.141883968136156
Brazil,2015,8936.195589,0.917,0.727,17.83580705,26.95362594,9.029901024,0.791721774,12.69797993,9.097865228266889
Brazil,2016,8577.84278,0.921,0.727,15.52432732,24.53368208,8.739143523,0.76197267,12.99405956,9.05693773662721
Brazil,2017,8628.252096,0.726,0.708,14.55898652,24.31973437,3.44637335,0.72824666,13.08882999,9.062797225441031
Brazil,2018,8722.3353,0.438,0.646,15.09691196,28.87620338,3.664850284,0.683439571,12.81521034,9.073642290681455
Brazil,2019,8771.439504,0.081,0.492,15.47116974,28.89025787,3.732976212,0.651994346,12.74026966,9.079256211463509
Brazil,2020,8435.010462,-0.099,0.456,16.56102156,32.30207854,3.211768038,0.57935071,11.56258965,9.040146235287539
Brazil,2021,8799.228446,-0.099,0.44,17.91784905,37.65633076,8.301659756,0.425360907,12.80020046,9.08241932003157
Bulgaria,1990,4425.499683,1.662,0.92,21.26409433,69.84706085,23.8,-1.803750479,8.123259544,8.395138473778605
Bulgaria,1991,4092.079489,1.662,0.92,18.15401621,82.68238762,338.4491115,-0.99042598,10.93802929,8.316808552347165
Bulgaria,1992,3835.454386,1.662,0.92,16.22360558,100.0498008,91.29793273,-1.073853191,11.91827965,8.25204319074618
Bulgaria,1993,3808.943205,1.662,0.92,12.95483439,84.04148545,72.87879139,-0.797665852,10.87722492,8.245107055629711
Bulgaria,1994,3891.382404,1.662,0.92,13.76084475,90.72012938,96.05733827,-0.339586079,9.27444458,8.266519747261107
Bulgaria,1995,4021.995239,1.662,0.92,16.66856109,55.262735,62.05483368,-0.4453985,11.42074299,8.299533386592463
Bulgaria,1996,4253.234639,1.662,0.92,4.452209027,85.82079145,121.6075424,-0.51572988,8.898165703,8.35543506396459
Bulgaria,1997,3675.180807,1.662,0.92,9.680986963,86.46373647,1058.373559,-0.608797355,10.50713253,8.20935760962037
Bulgaria,1998,3839.976816,1.662,0.92,14.59375833,77.04520303,18.67220444,-0.667302701,9.749938011,8.253221608063546
Bulgaria,1999,3537.345444,1.662,0.92,16.25537038,90.07496166,2.573042819,-0.560648225,9.975003242,8.171131850254975
Bulgaria,2000,3717.928899,1.662,0.92,16.73117183,77.74570416,10.31626213,-0.493896417,9.817684174,8.220922044645064
Bulgaria,2001,3937.701609,1.662,0.92,19.26591832,79.08136875,7.360939272,-1.990632204,8.927361488,8.27835248410881
Bulgaria,2002,4260.404775,1.662,0.92,18.97725984,75.26961101,5.810143657,-2.17069878,9.555897713,8.357119452355164
Bulgaria,2003,4519.184392,1.662,0.92,19.80513845,79.01388537,2.348641696,-0.792113638,10.76726723,8.416086812296466
Bulgaria,2004,4849.871413,1.662,0.923,20.95071667,93.06389796,6.147130742,-0.754796951,10.4770546,8.486707470796553
Bulgaria,2005,5231.338119,1.662,0.923,25.66516452,99.71421121,5.038838071,-0.752977445,11.27114868,8.562422378827097
Bulgaria,2006,5629.80128,1.662,0.923,27.43774506,111.0474628,7.261594628,-0.759505916,10.72626781,8.635829423885573
Bulgaria,2007,6048.742318,1.662,0.923,28.28880359,123.5325577,8.40253419,-0.735282284,9.527602196,8.707605648092256
Bulgaria,2008,6464.72198,2.11,0.942,32.97962008,124.6887475,12.3487196,-0.701922745,10.65262699,8.77411528641429
Bulgaria,2009,6288.725432,2.11,0.941,27.78101395,92.6926456,2.753202239,-0.644281363,10.36380005,8.746513695139182
Bulgaria,2010,6428.717426,2.11,0.936,22.18222673,103.3805223,2.438990605,-0.658275447,9.889651299,8.768530330150371
Bulgaria,2011,6605.308517,2.11,0.936,20.83925147,117.4181039,4.219903466,-0.641228921,9.986122131,8.795628925479495
Bulgaria,2012,6693.427733,2.11,0.893,21.12244029,123.9713227,2.954568298,-0.579220596,9.660421371,8.808881388573958
Bulgaria,2013,6792.7355,2.084,0.895,21.18253243,129.688683,0.890093541,-2.016991909,9.759604454,8.823609011292056
Bulgaria,2014,6941.018539,2.392,0.917,21.0608579,130.2483771,-1.418183803,-1.214509359,9.427565575,8.845203806276803
Bulgaria,2015,7268.654455,2.126,0.902,20.85977881,126.7366422,-0.104633261,-1.271155119,9.69010067,8.891326471554615
Bulgaria,2016,7586.504111,2.126,0.898,18.41046385,122.8055144,-0.798649886,-1.298240416,9.763916016,8.934126172848758
Bulgaria,2017,7898.70693,2.126,0.894,18.30381274,129.634429,2.061596194,-1.323914818,10.1444025,8.974454345311285
Bulgaria,2018,8194.374346,2.126,0.894,18.82992586,129.1665029,2.814544738,-1.371461129,9.541225433,9.011203142442817
Bulgaria,2019,8626.134187,2.126,0.894,18.71883989,125.2604183,3.103729448,-1.411718521,10.48226261,9.06255173319623
Bulgaria,2020,8440.083047,2.126,0.894,18.99596272,110.4238998,1.672440969,-1.002938214,9.456896782,9.040747427233537
Bulgaria,2021,9161.47738,2.126,0.894,16.28225481,121.2140883,3.297744353,-0.664652622,10.56167126,9.122762730689184
Burkina Faso,1988,344.9044642,-1.664,0.19,18.45522718,38.12968228,4.255616018,2.68703394,7.212820053,5.8432674633209025
Burkina Faso,1994,344.3711841,-1.079,0.248,25.7157288,39.22922224,25.17787622,2.521549528,19.94968033,5.841720099192431
Burkina Faso,1996,383.973583,-1.079,0.248,22.55213559,38.18029777,6.097804391,2.558941118,7.34017992,5.950573755950459
Burkina Faso,2005,499.1927976,0.278,0.593,15.4378656,34.172169769999996,6.415040184,3.146801491,19.49419022,6.212992389066519
Burkina Faso,2006,514.1131318,0.278,0.593,15.89519415,35.10654236,2.333108564,3.120345375,18.20170021,6.242443342014752
Burkina Faso,2007,519.2610122,0.278,0.593,18.18322396,33.77971729,-0.230627306,3.032776372,17.86381912,6.252406670427341
Burkina Faso,2010,561.8472213,0.411,0.614,20.12277427,49.07323854,-0.764230735,2.925779475,16.17281914,6.331229964715625
Burkina Faso,2011,581.6036587,0.411,0.614,21.11375025,57.4972531,2.759767249,2.956570784,19.50061035,6.365789216949179
Burkina Faso,2012,600.7313437,0.353,0.607,22.15505363,61.23860798,3.818152403,3.017170749,15.89538002,6.398147819119797
Burkina Faso,2013,616.7413312,0.461,0.697,23.48258207,64.0358513,0.533738507,3.000836393,16.16527939,6.424449699696579
Burkina Faso,2014,624.5768852,0.526,0.714,18.66126058,58.82356249,-0.258089518,2.97337942,19.36811066,6.437074436799476
Burkina Faso,2015,630.1247508,1.168,0.785,19.14721161,59.08918131,0.724838981,2.961963065,18.02708054,6.445917816925629
Burkina Faso,2017,669.2763103,1.529,0.831,20.8835009,59.2687802,1.482998972,2.852915955,21.44400024,6.506196994739414
Burkina Faso,2018,694.4928131,1.687,0.849,20.15229636,60.59562562,1.955943027,2.697136754,22.66116905,6.543181813832719
Burkina Faso,2019,717.0215951,1.756,0.854,18.84015652,60.40869288,-3.23338934,2.52989804,21.65662003,6.575105958835044
Burkina Faso,2020,713.8421779,2.342,0.841,17.75689484,60.73977864,1.884700665,2.435229593,20.99245834,6.570661898551044
Burkina Faso,2021,745.4725634,2.342,0.841,18.10793988,62.42035866,3.653267618,2.376492189,21.39246559,6.614018330576508
Burkina Faso,2022,740.3063199,2.342,0.841,18.14625725,67.52029013,14.29023543,2.309071474,21.95809746,6.607064046357095
Burkina Faso,2023,745.4053346,1.037,0.686,18.3732353,63.13268517,0.742910429,2.269736663,20.29719734,6.613928143713942
Cambodia,1998,499.0166491,-0.543,0.374,12.38631286,75.619473,14.80650354,4.124227501,9.392000198,6.212639460124781
Cambodia,2000,598.5619153,-0.087,0.432,18.38953012,110.3971253,-0.791992529,1.59016993,11.07901001,6.394529970441014
Cambodia,2001,632.833574,0.201,0.475,17.38968083,111.7717412,-0.6006483,1.561668659,11.38078976,6.450207471303912
Cambodia,2002,662.1883413,0.201,0.475,20.9017584,118.2695621,0.211466568,1.54239258,10.13757038,6.495550018947889
Cambodia,2004,775.847139,0.201,0.475,21.74744903,131.3514811,4.319336774,1.47375057,12.40431023,6.65395551495422
Cambodia,2007,1030.231176,-0.162,0.423,24.16170008,133.7000238,8.708827706,1.475544331,11.1035099,6.937538498758629
Cambodia,2009,1117.258342,-0.162,0.423,25.23613521,102.287949,-1.241717542,1.576656181,8.165240288,7.018633054333012
Cambodia,2010,1155.852369,-0.162,0.428,21.28662801,109.9984006,3.996395281,1.556217454,7.337470055,7.052593332599392
Cambodia,2011,1221.388399,-0.162,0.428,21.38549929,109.7905052,5.478447496,1.518392423,7.335400105,7.107743522627012
Cambodia,2012,1295.252715,-0.162,0.428,23.67490743,116.7402334,2.934316093,1.499984187,7.199850082,7.166461101813141
Cambodia,2013,1376.295576,-0.171,0.421,25.90014297,124.8875528,2.941625095,1.49510213,14.00462532,7.227150803564859
Cambodia,2014,1464.531159,-0.148,0.416,29.11484224,124.4549085,3.855688614,1.482437252,13.65726948,7.289290442244935
Cambodia,2015,1547.320104,-0.148,0.419,29.00922052,122.1095968,1.223931955,1.46023763,15.3179636,7.34427974836669
Cambodia,2016,1645.466716,-0.498,0.375,29.51134825,122.7045556,3.019139751,1.458607676,15.11543465,7.405779340892281
Cambodia,2017,1753.935305,-0.862,0.331,29.77944876,121.1554513,2.912635574,1.381765961,15.94254494,7.469617287987349
Cambodia,2018,1884.283748,-0.669,0.365,29.98318007,118.4376554,2.459085154,1.243682774,16.86346817,7.541303053137686
Cambodia,2019,2008.32094,-0.376,0.4,30.65983784,115.7366791,1.942575008,1.26258301,18.93770027,7.605054298717349
Cambodia,2020,1908.634275,-0.376,0.41,30.63188601,122.1053963,2.940295143,1.470629886,17.16835022,7.554143226011155
Cambodia,2021,1938.764367,-0.796,0.321,29.74068819,146.1798465,2.920734776,1.476778362,15.73618317,7.569806124908165
Cameroon,2000,1151.276893,0.816,0.579,17.49022333,47.92794425,1.22719013,2.632763072,11.68369961,7.048626947122956
Cameroon,2001,1169.926705,0.872,0.589,19.23158532,51.57226919,4.419772459,2.626432559,15.73330975,7.064696380530358
Cameroon,2003,1221.094461,0.819,0.521,18.36332315,40.24319259,0.623163557,2.727471335,21.44202042,7.107502834754657
Cameroon,2004,1271.743269,0.852,0.523,18.8910238,41.83774243,0.23364738,2.747415041,20.84712029,7.148143890981968
Cameroon,2005,1264.743452,0.963,0.589,18.58028377,44.99768135,2.013539502,2.755738484,21.37760925,7.142624575850875
Cameroon,2006,1277.329907,0.963,0.589,17.85567821,47.10443418,5.11757816,2.74855128,20.31266022,7.15252716800777
Cameroon,2007,1295.730675,0.945,0.587,18.58305078,53.21569086,0.921402246,2.806278246,21.37933922,7.16683004281621
Cameroon,2008,1295.022113,0.79,0.549,19.8958105,56.92441716,5.337806276,2.862584533,15.70061016,7.166283049663526
Cameroon,2009,1290.899614,0.959,0.587,18.59924321,42.17610736,3.043618479,2.865392227,19.77979088,7.163094629496428
Cameroon,2010,1290.901375,0.947,0.553,18.52583587,47.2385854,1.275380462,2.857661467,18.75388908,7.163095993660442
Cameroon,2011,1297.306496,0.963,0.554,18.93489064,51.5219876,2.939699463,2.828422971,14.8677702,7.168045467887332
Cameroon,2012,1319.669616,0.963,0.554,18.19665798,50.03601273,2.735296775,2.813047184,15.17621994,7.1851366933433285
Cameroon,2013,1347.213064,0.983,0.549,18.39354376,49.67453635,2.05034718,2.80909371,13.82495022,7.205793340590689
Cameroon,2014,1381.819385,0.983,0.549,19.436914,50.83238931,1.854898504,3.02592195,12.87975979,7.231156304759303
Cameroon,2015,1415.000097,0.953,0.545,18.61178163,45.54014683,2.676235314,3.13934346,13.24398994,7.254884878628572
Cameroon,2016,1435.618307,0.81,0.5,19.45761488,40.63863153,0.874190383,2.989332251,12.69468975,7.26935091135152
Cameroon,2017,1444.906829,0.645,0.444,19.29614069,39.19902161,0.64040915,2.834997982,15.91281033,7.275800120267032
Cameroon,2018,1461.0197,0.566,0.434,19.55004135,40.58760288,1.068858113,2.770309875,16.88315964,7.286889895574919
Cameroon,2019,1470.317853,0.632,0.445,19.08850679,43.37851325,2.452802141,2.781644412,14.17869854,7.293233882929807
Cameroon,2020,1434.519137,0.632,0.438,18.19229915,33.73883136,2.437608822,2.724486348,14.45112228,7.268584975869207
Cameroon,2021,1443.576002,0.384,0.451,18.18953947,36.73083472,2.271857625,2.654960766,15.04790401,7.274878648911977
Cameroon,2022,1458.661804,0.379,0.442,18.81642687,41.28660256,6.247677133,2.62905091,12.7669754,7.285274721790126
Cameroon,2023,1468.17837,0.379,0.425,19.14696009,37.89033212,7.382813843,2.642453361,13.08295155,7.291777707242863
Canada,2008,42067.56871,2.886,0.955,23.46901704,67.02360836,2.370270674,1.083871149,12.49846649,10.647032383376658
Canada,2009,40376.41538,2.886,0.955,22.30696975,58.47439182,0.299466803,1.144707685,12.5725317,10.60600111576191
Canada,2010,41164.33991,2.886,0.955,23.46123696,60.2081215,1.776871541,1.11135203,12.62090015,10.625327624379862
Canada,2011,42043.64198,2.886,0.955,23.5104954,62.49873877,2.912135089,0.975407251,12.71314907,10.646463452542132
Canada,2012,42320.64313,2.886,0.955,24.49418648,62.59554894,1.515678231,1.083746522,12.85791397,10.653030263250358
Canada,2013,42851.17053,3.1,0.971,24.18721208,62.2310749,0.938291898,1.053380981,13.00229359,10.665488240572312
Canada,2014,43643.23564,3.1,0.971,24.38932937,64.37866216,1.906635907,1.001422847,12.98900795,10.683803581103158
Canada,2015,43594.1941,3.1,0.971,23.85058193,66.16490207,1.125241361,0.760300145,12.74459839,10.68267925762613
Canada,2016,43551.3426,3.1,0.971,22.77237646,65.36368452,1.428759547,1.13153974,12.66294193,10.68169581073771
Canada,2017,44339.38867,3.1,0.966,22.69633255,65.10106085,1.596884129,1.195435755,12.94046307,10.699628695750043
Canada,2018,44907.34369,3.1,0.966,22.67609023,66.59988585,2.268225672,1.433226157,12.93418503,10.712356616926584
Canada,2019,45100.29151,3.1,0.966,22.57997729,66.17148528,1.949269024,1.461712599,12.65248013,10.716643989106243
Canada,2020,42366.12854,3.1,0.966,23.18423653,61.15677096,0.716999632,1.084368971,9.877542496,10.654104466776527
Canada,2021,44639.19327,3.1,0.966,23.78932366,62.24683672,3.395193185,0.553902422,11.05468845,10.70636752498329
Canada,2022,45677.68658,3.1,0.966,22.9501147,67.31762156,6.802801153,1.803904575,11.05468845,10.729365199001904
Central African Republic,1990,519.786736,-0.34,0.541,11.81272387,42.94298352,-0.012330456,3.10993471,11.14008045,6.25341860437508
Central African Republic,1991,500.9911509,-0.05,0.58,12.17679319,43.70932169,-2.762362807,3.128941456,9.923370361,6.216588438054623
Central African Republic,1999,460.8279002,-0.825,0.484,12.9619644,43.2123439,-1.414202201,2.735131414,8.949319839,6.1330246548577945
Central African Republic,2000,437.1689284,-0.825,0.484,11.07229594,45.65978199,3.203400916,2.749554199,9.93076992,6.08031968424343
Central African Republic,2002,452.8087022,-0.825,0.484,9.624946666,36.10856478,2.331817035,2.185168034,9.19987011,6.115469745343874
Central African Republic,2003,418.2405323,-0.825,0.484,6.404792507,36.231226,4.134709052,2.392691529,12.01257992,6.036056703149279
Central African Republic,2004,433.8252278,-0.825,0.333,6.812138026,33.24395492,-2.066406011,2.163559608,12.04712963,6.072641752072955
Central African Republic,2005,427.9680432,-0.825,0.333,9.864817356,35.07093687,2.883520734,2.263433559,9.666500092,6.059048527373635
Central African Republic,2006,439.2943309,-0.825,0.333,10.23421102,36.39587023,6.695264658,2.048652666,10.05424023,6.085169646049843
Central African Republic,2007,450.7627854,-0.825,0.333,10.68724058,37.58089902,0.959917619,1.927381763,9.869480133,6.110941226406613
Central African Republic,2008,450.3136169,-0.825,0.333,12.72838729,34.43752181,9.258950994,2.133014221,7.860000134,6.10994426646835
Central African Republic,2009,492.2153989,-0.825,0.333,12.92174239,31.49424649,3.521262272,-0.65882496,7.841720104,6.19891642332697
Central African Republic,2010,519.1414564,-0.783,0.337,16.13642323,34.43048195,1.4910237,-0.799202484,6.475379944,6.252176401713344
Central African Republic,2011,532.3829549,-0.783,0.337,13.4133986,34.47561833,1.194475724,1.590359701,7.825459957,6.277363070418664
Central African Republic,2012,553.7295783,-0.878,0.328,10.76960051,33.05944859,5.478295943,0.998867378,10.61656952,6.316676441762823
Central African Republic,2013,349.8211717,-1.225,0.188,6.349848525,38.39928757,6.98879342,0.682377857,8.083443642,5.857422085910161
Central African Republic,2014,351.5615549,-0.916,0.254,21.15590576,53.09509202,14.89868418,-0.415235399,9.387187958,5.862384816544782
Central African Republic,2015,366.3228539,-0.71,0.331,20.57277537,53.14514778,1.402970171,0.132677645,8.386741638,5.903515059047909
Central African Republic,2016,376.8582541,-0.71,0.331,20.87763843,50.53064402,4.945432761,1.805532372,7.319022179,5.931869132928744
Central African Republic,2017,387.3579513,-0.552,0.349,24.23802733,57.14354571,4.180723319,1.679781553,8.895050049,5.9593492042972
Central African Republic,2018,395.0200155,-0.552,0.328,16.39798,49.6602,1.61215687,1.760684876,9.13549614,5.9789364357692305
Central African Republic,2019,401.8258216,-0.786,0.298,14.38813,50.0658,2.685373553,1.344692553,9.797812462,5.996018715124302
Central African Republic,2020,398.8342741,-0.306,0.4,18.29877,49.52102,1.710156595,1.643247897,9.782443047,5.988545977474026
Central African Republic,2021,396.0206229,-0.36,0.45,15.72306,44.15912,4.259364175,1.686089712,9.088691711,5.98146628792877
Central African Republic,2022,398.915398,-0.36,0.432,14.93227,45.23357,5.583167352,-0.275432272,10.74205208,5.9887493593195265
Central African Republic,2023,397.4677958,-0.325,0.395,14.59484649,43.48057021,2.979138526,1.061074532,9.993927956,5.985113913956998
Chad,1997,559.2598558,-1.448,0.15,16.33063858,49.31310114,5.572257111,3.451931852,12.89865971,6.3266142234603695
Chad,1998,577.9095735,-1.448,0.15,14.14549089,48.0589829,4.258851102,3.440283624,11.07153034,6.359417409201399
Chad,1999,554.1489008,-1.448,0.15,16.97228096,50.50786776,-8.025059627,3.513206149,17.05998039,6.317433424641242
Chad,2000,530.6003313,-1.448,0.15,20.94154918,51.57117201,3.822600881,3.458862793,12.84449005,6.2740090660909305
Chad,2001,572.8067068,-1.448,0.15,36.57923975,64.32190804,12.43128653,3.373238978,13.78684998,6.3505483243767715
Chad,2004,845.5181312,-1.448,0.15,22.74035768,101.7685909,-5.355400289,4.45463094,11.03190041,6.739949612461162
Chad,2005,952.8719101,-1.448,0.15,22.11108329,77.57749365,7.890365675,4.031101101,14.67282009,6.8594804875903375
Chad,2009,871.4853113,-1.58,0.142,23.90665889,64.85975119,9.952422907,3.572969763,8.828180313,6.7701990103143075
Chad,2010,956.9530187,-1.221,0.169,22.2724743,63.73116913,-2.077865746,3.460770948,8.119279861,6.863754297980387
Chad,2011,965.2869636,-1.157,0.175,23.34759744,57.54375619,2.029240537,3.530201854,10.08325958,6.872425428739031
Chad,2012,1016.421521,-1.157,0.175,22.9050114,54.38518874,7.516623647,3.512654812,9.212409973,6.92404342497234
Chad,2013,1008.617114,-1.157,0.175,25.54051636,51.53081645,0.222671565,3.569478834,12.46146011,6.916335477573227
Chad,2017,879.0758955,-1.385,0.159,15.20041191,43.29006139,-1.53709963,3.306395837,16.3627491,6.778871236961248
Chad,2019,917.2037101,-1.175,0.173,20.21299606,46.67772472,-0.971939175,3.21991132,14.21378994,6.821329596003915
Chad,2020,884.9805419,-1.502,0.146,18.24371766,40.64281706,4.464144372,3.181970361,11.67150593,6.785565658212549
Chad,2021,857.5276306,-1.502,0.146,16.37271114,43.9465041,-0.77284437,3.444238694,15.36017036,6.754053400795021
Chad,2022,862.6021282,-2.613,0.079,14.52780197,47.98837843,5.788026878,3.456689111,16.72261047,6.7599535514029085
Chad,2023,856.8324887,-2.613,0.079,16.03123735,46.89510151,10.83635684,4.573992134,16.48435402,6.753242437065439
Chile,1993,6461.732174,2.669,0.939,26.21888541,52.91385306,12.72776695,1.555754703,13.5188303,8.773652699224067
Chile,1994,6688.297177,2.669,0.939,24.72099182,52.80768395,11.44311964,1.505947204,14.13241959,8.808114588137409
Chile,1995,7201.131004,2.669,0.939,25.61946157,54.6874836,8.232630341,1.463953874,15.02462006,8.881993376556654
Chile,1996,7605.28953,2.669,0.939,27.89725814,53.92074989,7.359117818,1.412565671,15.75998974,8.936599274974627
Chile,1997,8058.942288,2.669,0.939,28.6348402,54.09929818,6.133864644,1.337475544,14.5041399,8.994537597112618
Chile,1998,8287.450611,2.669,0.939,27.57859246,53.83617852,5.110249545,1.299841892,15.1703701,9.022497675019347
Chile,1999,8161.451689,2.669,0.939,22.41246435,54.69560983,3.336879175,1.258027532,15.65221977,9.007177335199005
Chile,2000,8465.353033,2.326,0.922,22.04308336,58.71192309,3.843272957,1.196019259,16.42790985,9.043736998718279
Chile,2002,8810.690527,2.326,0.922,22.2745049,62.4838519,2.489398167,1.103791863,17.45059967,9.083721095767874
Chile,2003,9130.784262,2.326,0.922,22.08962725,65.69341959,2.810178757,1.04651515,17.63722038,9.119406869352222
Chile,2004,9642.374787,2.326,0.922,21.39857928,69.88936005,1.054738714,1.009381639,17.0210495,9.173922704465273
Chile,2005,10104.42084,2.326,0.922,23.36879522,72.06253424,3.052576214,0.992481123,16.19908905,9.220728313994309
Chile,2006,10611.6144,2.326,0.922,21.06470602,73.71163504,3.392017337,0.976434393,16.23127937,9.26970437837431
Chile,2007,11051.34507,2.326,0.922,21.97984327,76.97702471,4.407799384,0.978803488,16.74641037,9.310307425329771
Chile,2008,11356.09221,2.326,0.922,26.8810653,80.67662624,8.71626873,0.99913787,17.40113068,9.337509637496492
Chile,2009,11116.40934,2.326,0.922,24.1203156,66.68603096,0.353045178,1.008868006,17.0356102,9.316177614581658
Chile,2010,11649.28971,2.326,0.922,23.0154606,69.71768014,1.41071108,1.004553624,17.85330963,9.363000488036443
Chile,2011,12252.84411,2.326,0.922,24.72039221,72.48164281,3.341216943,0.986604121,17.74757004,9.413513361269967
Chile,2013,13182.73296,2.908,0.969,26.34868281,65.14328795,1.78955554,0.953744683,19.67765045,9.486663143162
Chile,2014,13285.95404,2.908,0.965,25.47354032,65.63462812,4.718675279,0.99681846,19.92100906,9.494462668938757
Chile,2015,13433.9203,2.908,0.946,25.47037104,59.34911048,4.348773532,1.021566689,19.59370995,9.505538153101156
Chile,2016,13505.09771,2.908,0.946,24.12919762,56.05786109,3.786193559,1.209415437,21.15559959,9.510822501298655
Chile,2017,13473.34585,2.908,0.946,22.25766463,56.02615897,2.182718469,1.583948258,21.31123924,9.508468631284618
Chile,2018,13763.00688,1.887,0.872,23.04979265,58.17705063,2.434889814,1.785385849,21.36606979,9.52973961087042
Chile,2019,13630.59354,1.331,0.8,24.54968609,57.61175457,2.557544757,1.599117953,21.23353004,9.520072070330862
Chile,2020,12679.024,1.502,0.83,22.56600805,58.18286356,3.045490848,0.896491954,19.35499954,9.447704253419918
Chile,2021,14051.47136,1.884,0.895,23.32562363,64.87740632,4.524568383,0.441498091,14.88101959,9.55048239241048
China,2005,3465.817344,0.634,0.479,39.27032898,61.36007494,1.776414077,0.58812499,9.496390343,8.150703769521629
China,2006,3883.354129,0.634,0.479,38.52157262,63.56957986,1.649430995,0.558374367,9.323880196,8.264454525418694
China,2007,4409.757008,0.634,0.479,37.67098731,61.266464,4.816767674,0.522271866,8.415129662,8.391574866696061
China,2008,4811.474718,0.634,0.479,38.80308142,56.711133,5.92525137,0.512386932,14.29631519,8.47875891028821
China,2009,5237.766665,0.634,0.463,43.40976685,44.41976443,-0.728165251,0.497381401,13.51353168,8.563650477492764
China,2010,5764.86535,0.634,0.463,43.52018219,49.85407223,3.175324753,0.482959689,13.55206871,8.659537075968988
China,2011,6275.909564,0.538,0.448,43.51539093,49.94582723,5.553898923,0.546457595,13.07809544,8.744473703933933
China,2012,6723.194438,0.643,0.466,43.87370765,47.48021308,2.619524326,0.678345459,14.40716839,8.813318683365713
China,2013,7198.068765,0.495,0.446,44.07554314,45.91604138,2.621050017,0.666072978,13.31540489,8.881568041941495
China,2014,7686.57793,0.444,0.411,43.38034737,44.06845648,1.921641628,0.63032639,12.75261116,8.947230960855869
China,2015,8175.332851,0.536,0.48,41.61667104,38.69718484,1.437023809,0.581456147,12.25982952,9.008876710655246
China,2016,8679.377045,0.536,0.48,41.08058009,36.17717069,2.000001822,0.573050906,12.26956177,9.06870503606966
China,2017,9221.514038,0.536,0.48,41.4184898,36.95085262,1.593136001,0.605245013,12.15529537,9.12929451543369
China,2018,9798.652852,0.536,0.418,42.38037602,36.89438439,2.0747904,0.467672053,11.45069027,9.190000191127977
China,2019,10356.48042,0.39,0.429,42.25034905,35.19942027,2.899234164,0.35474089,11.22663689,9.245367730293685
China,2020,10573.64201,0.32,0.388,41.84941146,34.03895079,2.419421895,0.23804087,10.53292751,9.266119580538525
China,2021,11469.57071,0.32,0.388,41.35212038,36.52069118,0.981015136,0.0892522,10.85031796,9.347452782221607
China,2022,11830.59837,0.32,0.35,41.23293173,37.44071988,1.973575557,-0.013099501,10.50490284,9.378444536420236
Colombia,1984,3260.284592,-0.205,0.469,16.96991431,24.34875009,16.16161714,2.311623418,18.09229088,8.08956976871
Colombia,1985,3289.712097,-0.205,0.469,17.52892688,26.33310128,24.09017437,2.161256512,16.40752029,8.098555331419686
Colombia,1989,3636.075692,-0.668,0.409,18.07051602,31.82162185,25.86754808,2.053125109,17.22545052,8.19866027246243
Colombia,1998,4213.828005,-0.529,0.389,18.93646066,35.90892305,18.67697993,1.791494491,12.47535992,8.346126778391165
Colombia,1999,3967.113399,-0.529,0.389,13.24785428,36.14927931,10.87368709,1.738335789,13.15192986,8.285794005686814
Comoros,2002,1217.115016,0.512,0.548,17.11644262,35.75711903,3.533042143,2.116080234,15.78971958,7.104238596328027
Comoros,2008,1235.972472,0.512,0.58,18.69449668,36.21852635,1.700781763,1.986851146,29.23311996,7.1196133659249545
Comoros,2011,1299.11099,0.512,0.58,16.72721183,40.00094857,1.842663008,1.998717975,21.41486931,7.169435455668776
Comoros,2012,1313.581249,0.512,0.58,16.69606907,40.81044241,6.314744503,2.011498627,18.49151039,7.180512464083493
Comoros,2013,1343.545117,1.423,0.698,16.21639416,39.24333041,-4.294873315,2.113849573,16.07073021,7.20306700918131
Comoros,2014,1342.328024,1.423,0.698,15.23749615,39.23582442,7.547553791,2.17541496,18.89289093,7.202160716873808
Comoros,2015,1329.370482,1.423,0.698,13.4963324,37.80495207,-0.117173884,2.110933384,13.35365009,7.192460787359163
Comoros,2020,1359.706247,-0.019,0.454,10.95688429,33.7299346,0.786641929,1.961993798,11.47596455,7.215023960546909
Comoros,2021,1359.76242,-0.418,0.404,13.26157645,42.06772364,-0.004417937,1.976319881,10.28568649,7.215065272293346
Comoros,2022,1368.374189,-0.418,0.404,11.93729487,50.38877048,12.53203146,1.93837687,10.47602272,7.221378590750754
"Congo, Dem. Rep.",2010,400.619568,-0.137,0.361,27.82496843,80.99751539,7.1,3.187515928,9.578410149,5.99301226876866
"Congo, Dem. Rep.",2013,464.5267155,-0.524,0.327,30.21450481,72.55575451,0.808223101,3.401708493,16.17480087,6.14101907113175
"Congo, Dem. Rep.",2014,481.8302419,-0.524,0.327,31.23932637,74.11317294,1.243038898,3.390690333,14.12460041,6.177591856787079
"Congo, Dem. Rep.",2015,495.826633,-0.524,0.327,26.25397563,57.75392362,0.744198995,3.302243427,15.70977974,6.206226335383059
"Congo, Dem. Rep.",2016,480.4613779,-0.524,0.311,28.27741946,68.00833429,2.885851073,3.541008232,14.63541985,6.174746846199555
"Congo, Rep.",1994,2069.796405,0.036,0.499,52.93884116,132.7362484,42.43967503,2.962100808,22.41246986,7.635205526349774
"Congo, Rep.",1995,2092.543379,0.036,0.499,34.30034558,128.3125043,9.418007435,2.814958471,14.70777988,7.646135532853651
"Congo, Rep.",2002,2100.168767,-1.269,0.206,22.54294741,135.4560711,4.378759718,2.362494353,9.054849625,7.649772985720497
"Congo, Rep.",2003,2058.886837,-1.269,0.206,25.48002788,156.8617773,-0.631844987,2.795198962,9.519949913,7.629920745342582
"Congo, Rep.",2004,2058.884029,-1.269,0.206,21.90546992,131.3681987,2.42976608,3.417698328,8.56180954,7.629919381497874
"Congo, Rep.",2005,2140.036862,-1.269,0.206,23.42333118,119.5528923,3.094490115,3.603803778,7.597819805,7.668578333101189
"Congo, Rep.",2010,2332.285081,-1.269,0.206,38.77981189,124.0647544,0.391525011,4.142430505,24.72777939,7.754603787425876
"Congo, Rep.",2013,2390.657549,-1.15,0.195,47.06191186,93.00286339,4.631616197,2.43092782,14.72489834,7.779323732190187
"Congo, Rep.",2014,2488.681185,-1.15,0.195,54.82598071,104.1976201,0.912139545,2.416089328,6.555920124,7.819508204569205
"Congo, Rep.",2015,2439.351894,-1.15,0.195,78.00091728,117.3207216,3.169097968,2.416387409,7.950399876,7.7994876657916326
"Congo, Rep.",2017,2003.271211,-1.15,0.147,36.66445802,94.61709526,0.450063823,2.430240734,15.68577003,7.602536728896147
"Congo, Rep.",2018,1909.956038,-1.15,0.189,26.34578193,100.5832168,1.152778964,2.438840224,15.58290005,7.5548355040218595
"Congo, Rep.",2019,1885.510809,-1.15,0.14,26.11553015,91.57575479,2.206073058,2.406344197,17.00742149,7.5419540493788775
"Congo, Rep.",2020,1725.5104,-1.492,0.21,23.25573046,69.30662472,1.795371471,2.394776912,17.00914001,7.453278169758376
"Congo, Rep.",2021,1701.790605,-1.492,0.21,22.13867637,85.54620316,1.715642755,2.394142883,16.56100464,7.439436272774998
"Congo, Rep.",2022,1686.002344,-1.492,0.208,20.6905597,98.16133669,3.043443347,2.396653003,15.50950146,7.430115528833669
"Congo, Rep.",2023,1677.085492,-1.457,0.211,24.90451981,96.2103944,4.301745636,2.419190381,14.72915268,7.424812739653215
Costa Rica,1986,5641.943909,3.474,0.938,18.66462432,61.83621253,11.83506189,2.710024079,30.32237053,8.637983949825177
Costa Rica,1988,5802.828915,3.474,0.938,18.93131181,69.83549054,20.83253323,2.573305187,18.36396027,8.666100821591604
Costa Rica,1989,5979.074106,3.474,0.938,20.47938688,73.58296,16.50980877,2.519257706,17.65909004,8.696021003184425
Costa Rica,1995,6940.837021,3.474,0.971,19.79151687,79.77437455,23.18649811,2.406369038,16.74369049,8.845177654441521
Costa Rica,1996,6871.60941,3.474,0.971,17.95231936,84.05716401,17.51145248,2.343825078,19.11466026,8.835153624155858
Costa Rica,1999,7584.42137,3.474,0.971,21.08700916,87.53861377,10.04528173,2.073681434,21.9236908,8.933851602781731
Costa Rica,2000,7726.519857,3.474,0.971,19.68958205,86.52492351,10.96154966,1.939536481,18.81950951,8.952413827656857
Costa Rica,2001,7854.233958,3.474,0.974,19.83481568,80.85275872,11.25561571,1.79219126,19.15282059,8.968808023082373
Costa Rica,2002,7989.559261,3.474,0.974,19.78399662,80.41394434,9.167520485,1.651512455,19.2404995,8.98589087591222
Costa Rica,2003,8207.457468,3.474,0.974,19.79017552,83.32770754,9.447580916,1.535828702,20.15172005,9.012798467272768
Costa Rica,2004,8445.529149,3.474,0.974,19.87815645,85.2564772,12.31481502,1.470107166,20.43088913,9.041392485538278
Costa Rica,2006,9160.294375,3.474,0.972,20.2930668,89.81455461,11.47059681,1.400534161,20.64333916,9.122633594160527
Costa Rica,2007,9779.511494,3.474,0.972,22.36499928,86.45659584,9.357244564,1.353980445,21.02189064,9.188044812292594
Costa Rica,2008,10104.9092,3.474,0.972,23.74497153,86.40151271,13.42446355,1.356164519,20.81096077,9.220776644146682
Costa Rica,2009,9883.67567,3.474,0.972,21.00356297,69.75931773,7.842701677,1.336396228,23.40822029,9.198639752931918
Costa Rica,2010,10285.08567,3.474,0.972,19.45640929,67.51208968,5.662757084,1.240575365,22.88088989,9.23845013165859
Costa Rica,2011,10612.46949,3.474,0.972,19.43251566,68.63914651,4.87799831,1.175492586,23.00962067,9.269784955703809
Costa Rica,2012,11001.51929,3.474,0.978,20.0288559,67.0485393,4.495453144,1.166766725,23.50156021,9.305788659515922
Costa Rica,2013,11151.14379,3.474,0.975,19.81561008,64.06641059,5.231336142,1.113285467,22.83090973,9.319297353689866
Costa Rica,2014,11422.67358,3.474,0.975,19.83994956,65.19124205,4.519200985,1.074998653,23.1095295,9.343355569645011
Costa Rica,2015,11714.7106,3.474,0.975,18.98892625,60.75356194,0.801982005,1.062465205,23.37343025,9.368600647265017
Costa Rica,2016,12084.43513,3.474,0.982,18.82454301,62.17847818,-0.017478851,1.011052867,23.42320061,9.399673550630192
Costa Rica,2017,12468.56545,3.474,0.982,18.17776069,65.07195374,1.62590693,0.944345948,30.15142059,9.430965991960232
Costa Rica,2018,12679.52536,2.473,0.884,18.20286676,66.94534202,2.221114615,0.904494518,26.08666992,9.44774379511396
Costa Rica,2019,12877.6501,2.473,0.964,16.25416648,65.76053002,2.096046353,0.838278385,32.59157944,9.463248537360938
Costa Rica,2020,12242.20989,2.473,0.964,16.1681535,60.13988625,0.724911478,0.692995399,30.08221054,9.412645086338374
Costa Rica,2021,13146.69279,2.473,0.964,16.86629041,70.7816423,1.726477551,0.508564932,31.16662025,9.483925507115453
Cote d'Ivoire,1997,1801.131631,0.584,0.607,18.0276618,54.00629034,4.020833333,3.842123572,19.22014999,7.496170430234217
Cote d'Ivoire,1998,1808.42289,0.584,0.607,18.20578677,53.65383379,4.611447595,3.771507341,18.81475067,7.50021041293822
Cote d'Ivoire,1999,1770.865404,0.474,0.565,19.26633436,55.89356269,0.702375806,3.258782496,21.67118073,7.479223634894687
Cote d'Ivoire,2000,1717.953857,0.271,0.541,16.36206805,54.96399163,2.530775167,2.76729584,20.80694962,7.448889243627042
Cote d'Ivoire,2001,1636.573187,-0.173,0.51,15.34076825,53.11410472,4.36152914,2.675392917,23.20203018,7.400359814603335
Cote d'Ivoire,2002,1551.279259,-0.173,0.557,15.45886395,55.90194823,3.077264852,2.583963509,22.59230042,7.346835197904196
Cote d'Ivoire,2003,1441.588018,-0.129,0.564,12.8438508,53.26006068,3.29680747,2.492278811,22.6482296,7.273500575221307
Cote d'Ivoire,2004,1451.865471,-0.129,0.564,13.49333136,58.1182963,1.457988356,2.424971247,22.10716057,7.2806045402659425
Cote d'Ivoire,2005,1431.733202,0.005,0.582,13.73747376,62.82093604,3.885830399,2.387489711,21.84568977,7.266641018709942
Cote d'Ivoire,2006,1437.774538,0.027,0.588,14.2436392,63.69037706,2.467191486,2.355597963,20.01789093,7.270851737393104
Cote d'Ivoire,2007,1420.173896,0.037,0.591,16.69714714,61.43094235,1.892006293,2.327121449,20.75588036,7.258534605069282
Cote d'Ivoire,2008,1454.627318,0.037,0.582,16.11778346,61.9406213,6.308527692,2.274776823,21.52691078,7.282505007964825
Cote d'Ivoire,2009,1473.91837,0.037,0.592,16.10816078,66.67290375,1.019504577,2.222452149,22.18955994,7.295679691297169
Cote d'Ivoire,2010,1540.529273,-0.072,0.571,20.70317397,67.47294008,1.226456121,2.203591142,22.77275085,7.339881320128171
Cote d'Ivoire,2011,1426.464639,0.005,0.585,17.84705923,64.71590306,4.912433951,2.17265768,22.42686081,7.262954381702778
Cote d'Ivoire,2012,1503.43433,0.504,0.649,17.11227154,70.30108932,1.304511199,2.088720192,20.85876083,7.315507323390199
Cote d'Ivoire,2013,1632.327128,1.076,0.788,20.73120222,58.35267925,2.581170373,1.994279884,21.57472992,7.397761961515853
Cote d'Ivoire,2014,1742.53693,1.117,0.793,22.47607017,53.68041756,0.448682077,2.424935455,21.76678085,7.463097336097327
Cote d'Ivoire,2015,1814.718551,1.167,0.797,23.5616685,52.71536046,1.251499548,2.88906178,21.17321968,7.503685666355057
Cote d'Ivoire,2016,1889.277779,1.167,0.797,23.2965013,47.56631389,0.723178458,2.900768103,22.38759995,7.543949907511138
Cote d'Ivoire,2017,1972.814318,0.994,0.772,21.91091875,48.65960504,0.685881065,2.822371762,20.63349915,7.587216390088528
Cote d'Ivoire,2018,2013.323076,1.091,0.78,22.46655036,46.04002824,0.401297817,2.69696827,18.28890038,7.607541907545786
Cote d'Ivoire,2019,2093.099943,0.995,0.77,22.17664811,44.66041058,0.790855512,2.619168412,19.84606934,7.6464014723809655
Cote d'Ivoire,2020,2055.08484,0.328,0.653,20.34476314,41.94263182,2.412526172,2.530198035,18.59025002,7.628072410749679
Cote d'Ivoire,2021,2146.476353,0.328,0.648,21.0571796,45.11403278,4.159196579,2.473987374,16.26627922,7.6715828710653815
Cote d'Ivoire,2022,2227.098452,0.756,0.702,22.28952187,52.86639104,5.233528561,2.51622935,15.90301037,7.708454874632251
Cote d'Ivoire,2023,2315.381474,0.971,0.724,20.60274258,48.81700391,4.369722549,2.503846812,15.94641018,7.7473297365303235
Croatia,1995,7304.709285,0.587,0.654,14.27450696,62.80426535,3.95010395,-0.690119514,10.83323574,8.89627452667831
Croatia,1996,7857.992364,1.526,0.843,18.17833646,67.05425059,4.3,-1.371540059,10.36295414,8.969286428369397
Croatia,1997,8383.470543,2.235,0.892,21.47312258,74.8841745,4.170661553,-0.487835515,10.35055065,9.03401725368409
Croatia,1998,8577.506944,1.568,0.844,20.76544053,64.98432966,6.396686608,-0.061431194,11.13702679,9.056898584292172
Croatia,1999,8541.532604,2.451,0.905,21.00029787,66.26377437,4.019138756,-0.432031162,11.14038372,9.052695732507965
Croatia,2000,8880.269807,2.451,0.949,19.91126171,74.60168547,4.611315547,-0.986434859,11.20171452,9.091587219195812
Croatia,2001,9515.735698,2.451,0.949,20.40986938,79.4405856,3.776702467,-3.847670727,11.32808399,9.160702096552052
Croatia,2002,10062.03968,2.451,0.949,22.12724549,81.1609978,1.671784374,0.058871291,12.51061344,9.216525174593478
Croatia,2003,10619.30782,2.451,0.949,25.56411098,81.44325144,1.767337808,0.028469923,12.02320576,9.270429115647334
Croatia,2004,11059.09806,2.451,0.949,25.4340625,81.64441266,2.055396791,0.027904279,11.50245476,9.311008722022214
Croatia,2005,11522.79052,2.451,0.949,25.18306845,81.49233557,3.317178244,0.128732789,11.7812233,9.352082137555183
Croatia,2006,12104.04215,2.451,0.949,26.30004069,83.51708359,3.189825915,0.023523124,11.1515274,9.401294737782022
Croatia,2007,12717.9876,2.451,0.949,26.49903464,83.26221038,2.899282756,-0.02185266,10.91428852,9.45077261683081
Croatia,2008,12970.4377,2.451,0.949,27.8559468,82.07907911,6.076968388,-0.011879458,10.40342617,9.47042802384978
Croatia,2009,12099.55218,2.451,0.949,24.78527467,69.70155789,2.378528459,-0.105027517,10.71168137,9.400923720982593
Croatia,2010,11965.00493,2.839,0.972,20.81981459,72.64670399,1.030555053,-0.226821271,10.83368874,9.389741412377491
Croatia,2011,11993.07132,2.839,0.972,19.8211264,77.78395281,2.272727273,-0.345264228,10.46747684,9.39208437201634
Croatia,2012,11780.47428,2.839,0.972,19.20694918,79.00754931,3.412073491,-0.474278461,10.81541634,9.374198717855208
Croatia,2013,11838.21525,2.839,0.972,19.22054953,80.9188132,2.216582064,-0.622679128,10.5198698,9.379088158055458
Croatia,2014,11862.76095,2.839,0.972,18.79273239,85.21662413,-0.21519616,-0.766382113,10.65031433,9.381159440568752
Croatia,2015,12283.78406,2.839,0.972,19.08917108,90.65227055,-0.464499005,-1.194101859,10.46403313,9.416035302441694
Croatia,2016,12848.41954,1.965,0.946,19.55831725,92.13920094,-1.125,-1.086345981,10.54242897,9.460976089762998
Croatia,2017,13485.30125,2.862,0.962,19.47231522,97.24452565,1.129372103,-1.606755205,10.73969841,9.509355574960937
Croatia,2018,14060.98748,2.862,0.936,19.97696446,99.08485464,1.50012501,-1.310873245,10.48012447,9.551159396184332
Croatia,2019,14641.66397,2.862,0.936,21.9107648,101.3947666,0.771820346,-0.992302961,10.97616482,9.591626440209597
Croatia,2020,13545.48812,2.862,0.948,22.35391065,89.54805231,0.154811375,-0.894863744,10.3530426,9.513808790783871
Croatia,2021,15395.12878,2.862,0.936,20.94879748,102.3286972,2.554506996,-0.904000889,10.7206068,9.641806425377203
Cyprus,1995,19453.8457,2.524,0.886,25.20154487,134.3905141,2.61581788,2.111874346,15.27514648,9.87580005186714
Cyprus,1996,19385.28711,2.524,0.886,24.06828702,140.8489834,2.978924865,2.019018833,14.83483028,9.87226966093164
Cyprus,1997,19617.18555,2.524,0.886,24.55429582,139.7629766,3.605344444,1.943748487,14.9711895,9.88416127481747
Cyprus,1998,20562.29688,2.524,0.886,19.68163903,134.9097368,2.227707327,1.874107064,14.90542889,9.931214429282646
Cyprus,1999,21349.75,2.524,0.886,21.33760671,131.2093333,1.63,1.808063419,14.97724342,9.968795308986339
Cyprus,2000,22383.96484,2.524,0.909,20.0836358,137.4949032,4.141657647,1.749258639,14.7767458,10.016100126139197
Cyprus,2001,23019.25,2.524,0.909,19.02272361,131.8490679,1.973041917,1.721985395,14.51300621,10.044086101380222
Cyprus,2002,23604.18945,2.524,0.909,20.94763863,123.6413321,2.801155052,1.779785225,14.58290577,10.069179494326853
Cyprus,2003,23930.7832,2.524,0.909,20.28618734,114.004633,4.139065387,1.832431398,14.9054718,10.082920909159155
Cyprus,2004,24799.64844,2.524,0.909,20.64573436,113.9036135,2.286217068,1.812720488,14.94831848,10.118584756246145
Cyprus,2005,25631.36719,2.524,0.909,21.52668947,111.9170653,2.560161323,1.779576531,14.40893459,10.15157216128305
Cyprus,2006,26395.50391,2.524,0.909,25.07756097,109.806498,2.30468733,1.747606983,14.49867535,10.180948968191226
Cyprus,2007,27156.81836,2.524,0.909,25.54834089,111.2751228,2.372651837,1.720292977,14.79816532,10.209383430480802
Cyprus,2008,27449.22656,2.748,0.923,27.18330901,112.9259309,4.669008419,1.69266522,15.59704685,10.220093270220135
Cyprus,2009,26183.68555,2.748,0.933,23.43934291,102.7910919,0.326276652,1.667465013,15.09335613,10.17289180686662
Cyprus,2010,26090.04883,2.748,0.933,22.39315328,108.9016993,2.430040841,1.648983116,15.52406216,10.169309249727336
Cyprus,2011,25538.78125,2.748,0.933,18.983541,110.6171313,3.289449396,1.642469856,14.87080097,10.14795340918403
Cyprus,2012,24285.49609,2.748,0.933,15.46179268,112.3442733,2.3890541,1.635408374,14.00662994,10.097634582407313
Cyprus,2013,22711.71875,3.314,0.97,14.07952486,120.9262006,-0.399357676,1.57480486,14.78433514,10.030636314754542
Cyprus,2014,22373.57813,3.314,0.97,13.30433988,130.8443631,-1.354988854,1.501141491,11.31433487,10.015635993861274
Cyprus,2015,23088.44141,3.314,0.97,12.83300471,137.2764265,-2.096997691,1.462131369,13.86324215,10.047087399420638
Cyprus,2016,24477.98633,3.314,0.97,18.03462808,139.0220985,-1.429166667,1.433705226,14.63431835,10.10552947548147
Cyprus,2017,25666.00391,3.314,0.97,20.79473753,148.0133556,0.531766496,1.377808547,14.41339111,10.152922590146014
Cyprus,2018,26962.40625,3.314,0.97,18.58061932,147.6235674,1.435491195,1.30393307,11.792856220000001,10.202198813639907
Cyprus,2019,28167.16016,3.314,0.963,18.68392068,150.5061696,0.250370997,1.246121557,13.50742531,10.245912044997047
Cyprus,2020,26895.68359,3.314,0.963,20.81838456,160.6687165,-0.638422798,1.203297126,12.93712711,10.199721091376343
Cyprus,2021,29517.07227,3.314,0.961,19.21713285,176.8277368,2.446088672,1.149978545,12.73620987,10.292724095950433
Czechia,1995,11453.38002,3.158,0.979,33.48165049,82.90099907,8.990523615,-0.061314063,9.824183464,9.34604016367323
Czechia,1996,11944.71715,3.158,0.979,34.16320938,80.59955796,8.758774729,-0.116381299,11.3067627,9.3880443801158
Czechia,1997,11886.34809,3.158,0.979,32.31737122,84.15323067,8.596156667,-0.107762749,11.01029778,9.383145801212073
Czechia,1998,11850.83962,3.158,0.979,30.83982361,83.93865232,10.69836553,-0.094744752,10.73422432,9.38015399806169
Czechia,1999,12026.46881,3.158,0.979,30.01590014,85.45712364,2.135448444,-0.102175934,10.24913692,9.394865233876448
Czechia,2000,12543.93643,3.158,0.979,31.10584656,97.49839563,3.775388292,-0.280414108,10.75256824,9.436992674815869
Czechia,2001,12958.46676,3.158,0.979,31.00007949,98.53687373,4.66267557,-0.375719704,10.45248508,9.469504657352056
Czechia,2002,13179.98781,3.158,0.979,29.63446388,90.87927155,1.90298097,-0.192901618,11.01718712,9.486454883169879
Czechia,2003,13618.93496,3.158,0.979,29.25158399,94.64686007,0.118739206,-0.028620591,10.64125443,9.51921637987652
Czechia,2004,14259.63343,3.158,0.979,28.5804642,113.173976,2.760107817,0.030434848,11.28056908,9.56518798746677
Czechia,2005,15147.72144,3.158,0.979,28.52485926,121.1912873,1.857097891,0.13832598,11.22870922,9.6256053996263
Czechia,2006,16107.30425,3.158,0.986,28.15107817,127.0510151,2.533992583,0.270795629,11.82121181,9.687028128215067
Czechia,2007,16892.54285,3.158,0.986,29.66655595,129.8767395,2.853124372,0.583542205,10.67118263,9.734627552051794
Czechia,2008,17190.64703,3.158,0.986,28.90567184,123.9048099,6.358663802,0.829412603,10.52689266,9.752120737575455
Czechia,2009,16272.80848,3.158,0.986,27.18415006,113.0492548,1.019377353,0.569729451,10.43514729,9.697250802403131
Czechia,2010,16665.93178,3.158,0.986,26.52196208,126.7564801,1.472727273,0.291361674,10.58565712,9.72112190157004
Czechia,2011,16926.28467,3.158,0.986,26.09834801,136.7508555,1.917219136,0.206747667,10.63011456,9.736622998592699
Czechia,2012,16772.35392,3.158,0.986,25.37511054,145.4801954,3.287623066,0.139925656,10.16633415,9.727487209904407
Czechia,2013,16759.78086,3.158,0.986,24.77537238,145.5022306,1.438297872,0.033169946,10.6200428,9.726737298771596
Czechia,2014,17118.04256,3.158,0.986,24.7408229,156.4151228,0.34398859,0.105277582,10.6447258,9.747888306710225
Czechia,2015,17931.59877,3.158,0.986,25.67646206,154.018401,0.309364548,0.196588748,10.49886131,9.794319729941355
Czechia,2016,18359.09781,3.158,0.975,24.30934766,148.5470047,0.683504209,0.192048416,9.933925629,9.817880524078237
Czechia,2017,19257.69307,3.158,0.975,23.72740641,147.7508349,2.450533985,0.265642664,10.43601036,9.865665899881135
Czechia,2018,19736.62953,3.158,0.979,24.84566106,145.1417179,2.149494949,0.334427262,11.26752949,9.890231555248105
Czechia,2019,20360.05992,3.158,0.979,25.77204553,138.15461,2.847875959,0.393788864,11.84270382,9.921330413685668
Czechia,2020,19233.14695,3.158,0.985,25.53536029,128.7804303,3.161295285,0.243222682,10.74304962,9.86439047313988
Czechia,2021,20373.8783,3.158,0.969,26.23695752,137.3781163,3.839844915,-1.81187141,10.87690353,9.922008883832868
Denmark,1995,43328.52934,3.28,0.988,19.456007,68.57331465,2.083608424,0.520962181,10.87779331,10.676566573239416
Denmark,1996,44331.61996,3.28,0.988,19.58969145,68.52648242,2.126298023,0.565926342,11.08239269,10.69945347027015
Denmark,1997,45546.58962,3.28,0.988,20.79481837,71.29017598,2.182166779,0.415564969,11.45181084,10.726491028754495
Denmark,1998,46437.19211,3.28,0.988,21.53456158,71.3454175,1.84565122,0.363162524,12.07584381,10.745855971236251
Denmark,1999,47657.17319,3.28,0.988,20.89241535,72.72885664,2.497795444,0.330886246,11.89010429,10.77178843689203
Denmark,2000,49266.98828,3.28,0.988,21.45958661,83.04208595,2.903282032,0.334233619,11.93536854,10.805009526817647
Denmark,2001,49557.151,3.28,0.988,21.26379179,83.9226646,2.337870003,0.358315679,12.10246181,10.810881848214997
Denmark,2002,49624.59654,3.28,0.988,20.58711393,84.48459255,2.424436612,0.319487125,12.3573885,10.81224188778012
Denmark,2003,49708.09091,3.28,0.988,20.69764567,80.76130018,2.075078206,0.272010444,12.24217033,10.813922993804876
Denmark,2004,50956.30454,3.28,0.988,20.65793992,82.00773082,1.154356931,0.258432282,12.5096941,10.838723770740588
Denmark,2005,52015.18412,3.28,0.988,21.17237973,89.39879525,1.817814583,0.275481733,12.44361305,10.85929095724688
Denmark,2006,53823.15903,3.28,0.988,23.27476471,97.42986077,1.924221385,0.328645159,12.42493439,10.893459118767929
Denmark,2007,54113.97715,3.28,0.988,23.49838631,100.0476746,1.693265862,0.443466054,11.98038292,10.898847789136957
Denmark,2008,53572.53466,3.28,0.988,22.93938775,104.4703102,3.416267943,0.58754759,12.11152554,10.888791802670756
Denmark,2009,50635.91181,3.28,0.988,20.10243138,89.39485666,1.30470991,0.535079062,12.26772594,10.832416323108943
Denmark,2010,51209.44928,3.28,0.988,17.99391446,94.38772823,2.31092437,0.444197155,12.58372211,10.84367935024919
Denmark,2011,51667.53132,3.28,0.988,18.14753095,102.0129305,2.758682261,0.411737855,12.08395576,10.852584842319049
Denmark,2012,51470.68985,3.28,0.988,18.79864356,104.3622805,2.397914857,0.376272243,12.03017139,10.848767795510158
Denmark,2013,51970.39093,3.28,0.97,18.80653812,103.6128132,0.78907178,0.416901361,12.33083916,10.858429430198555
Denmark,2014,52368.3626,3.28,0.97,19.33425699,103.2108592,0.56402054,0.507053283,12.9065752,10.866057920792763
Denmark,2015,53094.01336,3.28,0.97,19.8029126,105.1303625,0.452034154,0.70642385,12.8566246,10.87981945812456
Denmark,2016,54300.20396,3.28,0.97,20.98488206,101.4527838,0.25,0.780392644,12.94861698,10.902283262084401
Denmark,2017,55601.01457,3.28,0.97,21.23038287,104.2156769,1.14713217,0.643350904,12.73631477,10.925956727734057
Denmark,2018,56355.07331,3.28,0.97,21.76294543,108.8139855,0.813609467,0.495838926,12.64840698,10.93942754753595
Denmark,2019,57114.62273,3.28,0.97,21.35340899,111.8914751,0.758131573,0.358130916,12.74289989,10.952815452701078
Denmark,2020,55934.55559,3.28,0.97,22.18442448,104.4334327,0.420711974,0.291641177,11.69990349,10.931937636134602
Denmark,2021,59312.8158,3.28,0.97,23.20623783,112.3214727,1.85304544,0.433414489,11.82595921,10.990580679679521
Denmark,2022,59108.74494,3.28,0.97,23.08974209,131.9958249,7.696566999,0.787502465,11.80435848,10.987134160975845
Djibouti,2015,2376.125547,-0.25,0.458,30.33558946,268.3634563,-0.522166521,1.739612734,8.576439857,7.773226518733035
Djibouti,2016,2502.851814,-0.25,0.458,27.72287723,213.0719986,2.402529054,1.685198916,15.15958977,7.825186086323214
Djibouti,2017,2596.451347,-0.295,0.369,26.11206826,305.9679664,0.577285725,1.642861254,15.64371967,7.861900925192391
Djibouti,2018,2677.165033,-0.295,0.386,28.49375868,300.3989005,0.1388364,1.602593729,14.4741497,7.892513690107275
Dominican Republic,2000,4123.105732,2.217,0.847,25.04435713,79.3003931,7.724135662,1.620455604,13.39904022,8.324361976811751
Dominican Republic,2001,4158.984303,2.217,0.847,23.57825989,70.51056781,8.883068488,1.572955224,13.2144804,8.333026165511216
Dominican Republic,2002,4280.801824,2.217,0.847,24.75224704,68.7232829,5.223367698,1.501827799,11.61762047,8.361895613085586
Dominican Republic,2003,4162.666861,2.217,0.847,20.05372035,84.44950319,27.44971274,1.439895274,10.70979023,8.333911220211975
Dominican Republic,2007,5204.785007,2.217,0.847,27.03742999,61.22925915,6.143566552,1.218038875,12.54104996,8.557333675104733
Dominican Republic,2014,6430.278111,2.217,0.847,22.19851166,55.66010415,2.998642261,1.186740321,21.54460335,8.768773068395854
Dominican Republic,2016,7177.753765,2.217,0.847,22.16851061,51.73065712,1.614166072,1.111224252,19.55919075,8.878741766995441
Dominican Republic,2017,7379.399781,2.217,0.847,20.9638453,50.75953555,3.279556947,1.087874948,20.15645981,8.90644758379921
Dominican Republic,2018,7818.705932,2.217,0.873,24.82057524,52.33517096,3.56443426,1.074284737,19.48493004,8.964274338004294
Dominican Republic,2019,8117.046392,1.817,0.84,24.98431382,50.9129822,1.81060377,1.033313346,20.00876808,9.001721622156941
Dominican Republic,2020,7395.873426,2.207,0.865,24.8098539,44.73316135,3.781031799,1.043340765,20.63404274,8.90867747851525
Dominican Republic,2021,8344.905103,2.109,0.87,28.94956121,51.95002273,8.24300348,1.040829618,19.59417725,9.029406464311684
Dominican Republic,2022,8698.135921,2.109,0.87,29.96700548,54.37819767,8.811092093,0.959629735,22.36263466,9.07086401973128
Dominican Republic,2023,8809.963354,2.109,0.87,28.98354844,49.84361318,4.78561281,0.891159204,22.02540588,9.0836385593302
Ecuador,1998,4252.043486,1.513,0.843,14.8854083,43.39510795,36.09843316,1.812537732,10.84613991,8.355154966596746
Ecuador,1999,3979.192936,1.513,0.843,12.78913394,49.2012508,52.24200519,1.776692529,6.665820122,8.288834297816361
Ecuador,2000,3953.398797,1.513,0.843,15.0108795,65.40429538,96.09637569,1.736220015,4.957300186,8.282330942852745
Ecuador,2009,4909.336817,1.741,0.918,18.1411515,57.34734606,5.159968292,1.705770208,13.17257023,8.498894143845312
Ecuador,2010,5022.203744,1.643,0.901,19.71277185,65.77738491,3.554377346,1.677088053,12.9965601,8.5216241091853
Ecuador,2011,5359.457246,1.643,0.901,20.94101778,70.03568375,4.474532658,1.641536977,11.97611046,8.586617988863074
Ecuador,2012,5579.856243,1.643,0.901,22.13959238,67.00292909,5.10172181,1.592134406,10.7635498,8.626918292140262
Ecuador,2013,5893.321727,1.424,0.875,23.92534647,63.43330033,2.721775777,1.497408961,10.53971958,8.681575078121133
Ecuador,2014,6055.041728,1.424,0.875,23.48388927,61.42637662,3.589220166,1.432058866,11.32730007,8.708646547458079
Ecuador,2015,5976.159681,1.684,0.894,22.54150461,47.82803971,3.966646233,1.430930598,11.57279015,8.695533446837196
Ecuador,2019,5971.389384,2.254,0.957,20.6549278,48.08284949,0.266012515,1.689354796,10.67455006,8.694734906947962
Ecuador,2020,5355.689342,2.36,0.96,17.99544243,43.98931094,-0.338872393,1.181252582,10.58911037,8.585914703261825
Ecuador,2021,5815.094774,2.549,0.953,19.2305888,53.26127561,0.133251386,0.774314024,9.756010056,8.668212363014275
Ecuador,2022,6107.49495,2.204,0.94,20.57954939,61.88079282,3.466169722,0.796723652,9.293259621,8.717271976279322
Ecuador,2023,6174.818228,1.167,0.832,19.85181035,56.99775356,2.215687642,0.872456027,9.694939613,8.728234724301775
"Egypt, Arab Rep.",2002,2498.481212,-0.861,0.173,17.81472684,40.98706783,2.73723855,2.103723597,15.73421383,7.82343831104416
"Egypt, Arab Rep.",2003,2524.804772,-0.861,0.173,16.31137725,46.17964072,4.507776363,2.09545323,15.51804447,7.833919020700466
"Egypt, Arab Rep.",2004,2574.423418,-0.861,0.173,16.40222543,57.81990521,11.27061933,2.064377349,15.03286171,7.853380872685248
"Egypt, Arab Rep.",2005,2635.703052,-0.861,0.173,17.92014856,62.95264624,4.869396969,2.022209527,15.4734354,7.876905238290456
"Egypt, Arab Rep.",2006,2761.624108,-0.861,0.173,18.73077546,61.51853651,7.644526445,1.952913423,11.67236996,7.923574230572905
"Egypt, Arab Rep.",2007,2902.065598,-0.861,0.173,20.85123523,65.07787325,9.318969058,1.887532171,11.60687065,7.973178037599409
"Egypt, Arab Rep.",2008,3052.212978,-0.861,0.173,22.27805695,71.68062535,18.31683168,1.867404133,11.01320553,8.023622173062675
"Egypt, Arab Rep.",2009,3135.096613,-0.861,0.173,18.9119171,56.55344464,11.76349544,1.888365224,11.17261791,8.05041527013603
"Egypt, Arab Rep.",2010,3233.845212,-0.796,0.18,19.21100613,47.93635007,11.26518827,1.917951241,11.33020687,8.081427176282876
"Egypt, Arab Rep.",2011,3222.376501,-0.654,0.235,16.70921158,45.25563416,10.06492599,2.104460762,10.9515276,8.077874410106888
"Egypt, Arab Rep.",2012,3220.991942,-0.667,0.261,14.69516928,40.71176927,7.111729433,2.244757955,10.92304325,8.077444647620526
"Egypt, Arab Rep.",2013,3216.37839,-1.866,0.099,12.98645453,40.37303806,9.469719811,2.305263643,12.0,8.076011281959719
"Egypt, Arab Rep.",2014,3235.662462,-1.587,0.103,12.44600939,36.92018779,10.07021547,2.276439566,12.0,8.081988965568666
"Egypt, Arab Rep.",2015,3306.981594,-1.587,0.07,13.65440484,34.84594296,10.37049034,2.098925548,12.0,8.103791147196723
El Salvador,2002,3016.063077,1.471,0.759,17.54815624,65.91909078,1.865525036,0.310690003,14.69070435,8.011707643033818
El Salvador,2003,3057.164676,1.471,0.759,17.69384079,68.23698248,2.120390917,0.199712546,14.5278883,8.025243188938507
El Salvador,2005,3163.361184,1.839,0.789,16.29282896,69.71581168,4.690948709,0.015103767,14.08380985,8.05939040711207
El Salvador,2007,3359.162302,1.839,0.789,18.52296207,77.62105603,4.578085724,0.124956904,13.75427341,8.119446906992176
El Salvador,2008,3420.449274,1.839,0.789,18.66742944,80.66597394,6.707922935,0.32349566,13.09002113,8.137527188095472
El Salvador,2009,3337.811509,1.839,0.789,15.14860564,66.07119117,1.055950297,0.314334857,16.90505791,8.11307063438293
El Salvador,2010,3398.493461,1.839,0.789,14.75309954,73.53728767,1.179335769,0.329632682,15.47114754,8.131087512700686
El Salvador,2011,3514.069144,1.839,0.789,16.28754601,79.2766437,5.128923767,0.359883978,12.53421021,8.164529945275143
El Salvador,2012,3601.442229,1.777,0.782,16.59620829,77.64857162,1.729734816,0.390819912,16.00487137,8.189089663384436
El Salvador,2013,3665.154733,1.777,0.782,17.53425044,80.45119449,0.757669185,0.405850185,14.03022003,8.206625832529141
El Salvador,2014,3713.94992,1.777,0.777,15.44477232,78.10442575,1.141344675,0.392073398,15.58036518,8.219851257707576
El Salvador,2015,3790.340891,1.777,0.777,15.69217655,76.56027074,-0.731384487,0.335654632,17.21397018,8.240211238886557
El Salvador,2016,3875.846914,1.775,0.776,15.490279,72.81909337,0.604049087,0.276539935,16.16272926,8.26251947635864
El Salvador,2017,3954.840143,1.571,0.707,16.02878236,74.30465119,1.012354033,0.205133928,8.597620964,8.282695460421548
El Salvador,2018,4046.162917,1.33,0.682,17.16942375,75.63361689,1.090330006,0.100922206,14.78466511,8.305524283105859
El Salvador,2019,4143.114371,1.467,0.699,17.75970067,76.0420131,0.075324135,0.040362881,14.33106995,8.329203047537545
El Salvador,2020,3808.531954,1.202,0.627,17.45550674,66.45950695,-0.371590212,0.198362575,11.86849117,8.244999079957505
El Salvador,2021,4247.547504,0.346,0.506,21.04503852,81.84507598,3.466925853,0.33800242,11.96135902,8.35409703747413
Estonia,1995,7170.946077,2.99,0.948,26.5046103,139.0874737,28.77661372,-1.785399536,18.47893333,8.877792874261498
Estonia,1996,7637.257083,2.99,0.975,27.03013883,132.9774428,23.05034335,-1.475364638,17.95158768,8.94079379714752
Estonia,1997,8732.990857,2.99,0.975,28.59618255,151.0513444,10.58187893,-1.14091924,17.81918144,9.074863185464828
Estonia,1998,9199.935341,2.99,0.975,31.33680271,156.8382358,8.208333333,-0.960559005,17.40725899,9.12695173486026
Estonia,1999,9133.895934,2.99,0.975,25.90499311,144.1164536,3.296110897,0.294482276,17.81688881,9.119747600424073
Estonia,2000,10006.76963,2.99,0.975,26.68719604,126.4956264,4.018489525,0.483707162,17.62004471,9.21101710594009
Estonia,2001,10662.9455,2.99,0.975,27.4503342,126.5466401,5.748279817,-0.636963124,18.16244507,9.274529972873166
Estonia,2002,11474.66227,2.99,0.975,30.55281784,123.2823454,3.571912702,-0.633433796,18.20030594,9.347896602687342
Estonia,2003,12424.04415,2.99,0.975,32.75095456,122.7447728,1.334991165,-0.627622448,17.9200573,9.427388918428132
Estonia,2004,13348.52845,2.99,0.975,31.71449726,129.9495001,3.048111075,-0.59782051,18.0984726,9.499161429288373
Estonia,2005,14703.61797,2.99,0.975,32.85643697,135.9127921,4.079714232,-0.572255525,17.51799965,9.595848862892332
Estonia,2006,16234.5152,2.99,0.975,36.7942379,136.6207377,4.437620424,-0.58965556,17.53685188,9.694894822680553
Estonia,2007,17543.46618,2.99,0.975,36.39057239,133.9808292,6.601326031,-0.456188535,17.01323509,9.772436862138218
Estonia,2008,16688.99777,2.99,0.975,31.12901065,136.6819882,10.36235803,-0.26813372,16.42277908,9.722504965122447
Estonia,2009,14274.85111,2.99,0.975,22.67714471,116.7590799,-0.078408311,-0.192768077,15.28184414,9.566254604347225
Estonia,2010,14657.93981,2.99,0.975,21.23326337,143.6717623,2.97204512,-0.228057969,16.17285538,9.592737434187285
Estonia,2011,15820.92234,2.99,0.975,26.35564263,166.7460724,4.981901315,-0.303582824,16.25656891,9.66908854177132
Estonia,2012,16460.68435,2.99,0.975,28.44042363,169.1560678,3.933399873,-0.357944411,15.61931038,9.70873004991599
Estonia,2013,16809.53267,2.99,0.975,27.53276835,164.6016322,2.78056659,-0.355891803,15.38186264,9.729701425302354
Estonia,2014,17413.68676,2.99,0.975,25.34276952,157.9539448,-0.106175147,-0.262256175,14.6169796,9.765011771400891
Estonia,2015,17722.15577,2.99,0.975,24.0517427,148.5071571,-0.492326007,0.06555253,14.97884846,9.782570874208615
Estonia,2016,18264.98733,2.99,0.975,23.94490431,147.7462327,0.148684908,0.029112226,14.36475658,9.812741245552711
Estonia,2017,19270.81412,2.99,0.975,25.40394707,144.6356509,3.417235495,0.121070631,14.49369907,9.866347008569958
Estonia,2018,19914.34549,2.99,0.975,26.57605175,143.4852249,3.436326884,0.348039138,15.80064011,9.89919562989867
Estonia,2019,20579.87567,2.99,0.975,26.61533869,140.352148,2.277259312,0.371554389,15.52501392,9.932068968067556
Estonia,2020,19946.9457,2.99,0.975,31.17536488,137.3926413,-0.444531098,0.197559185,14.28443909,9.900831312852993
Estonia,2021,21570.66585,2.99,0.975,29.98232332,160.4719223,4.653166738,0.105996956,14.25197411,9.979089608169621
Eswatini,2013,3332.119839,1.453,0.513,16.40490874,85.20345513,5.621306235,0.543692521,17.23399734,8.111363968726403
Eswatini,2014,3381.792921,1.453,0.513,16.199936,91.62001869,5.681348858,0.556770676,24.79544067,8.126161297838197
Eswatini,2015,3419.822766,1.453,0.513,15.10217018,88.2620944,4.951244937,0.571627699,16.41538811,8.137344005906785
Eswatini,2016,3500.176888,1.453,0.513,17.77063421,89.35848744,7.847274591,0.584038793,16.55491066,8.160568785629003
Eswatini,2017,3596.236054,1.333,0.497,16.19597589,86.88014203,6.221375289,0.752960395,18.66627502,8.18764303692984
Eswatini,2018,3565.542851,1.063,0.483,17.12730063,85.49277682,4.815061675,0.922518622,17.22101212,8.179071593626402
Eswatini,2019,3759.67107,0.758,0.41,17.66112469,86.64079485,2.598016203,0.931970814,18.50689697,8.232086751174242
Ethiopia,2011,455.9096286,-0.366,0.34,32.10766647,48.23293541,33.24995988,2.843544575,29.67443085,6.122294606978825
Ethiopia,2012,481.6399999,-0.366,0.34,37.09796197,45.39790418,23.60041768,2.803903934,30.53953934,6.1771969468163945
Ethiopia,2013,518.3246622,-0.416,0.312,34.08111832,41.47178708,7.464021929,2.718472318,27.02109909,6.250601806930698
Ethiopia,2014,556.3625322,-0.625,0.286,37.9937253,40.74108415,6.890019516,2.682997818,25.91838074,6.321420118098189
Ethiopia,2015,597.9121132,-0.798,0.267,40.67127298,39.65612414,9.56889956,2.684801861,23.66403961,6.3934437752568165
Ethiopia,2016,636.835681,-0.798,0.232,37.34876297,34.89902108,6.628133372,2.707882508,23.01336288,6.45651166468156
Ethiopia,2017,678.9854192,-0.792,0.204,38.44398716,31.10364949,10.68711503,2.725240971,23.32417107,6.520599653395875
Ethiopia,2018,705.9688121,0.29,0.521,34.16295511,31.19936898,13.83303566,2.696751795,22.99175644,6.5595710610217255
Ethiopia,2019,744.7027898,0.166,0.511,35.26397563,28.81529393,15.80963217,2.691239783,20.92220306,6.612985198916109
Ethiopia,2020,768.7054245,0.166,0.483,30.57896866,24.00611434,20.35634686,2.710772848,22.44771957,6.644707833049324
Ethiopia,2021,790.6570196,-0.102,0.446,28.02529541,24.34505746,26.83952216,2.672495388,23.56204224,6.672864270194633
Ethiopia,2022,811.1777293,-0.324,0.371,25.34222683,26.5954997,33.88987971,2.622695009,23.00640297,6.6984871784413125
Finland,1995,29890.52433,3.118,0.987,19.29733683,64.13553538,0.791239407,0.381655333,11.34987736,10.305296797111412
Finland,1996,30883.83472,3.118,0.987,20.52423586,65.79032527,0.629194238,0.328037914,11.49266243,10.337988177775998
Finland,1997,32762.11791,3.118,0.987,21.36975913,68.24780615,1.192558834,0.29737733,11.47163486,10.39702818514473
Finland,1998,34457.45559,3.118,0.987,22.21770142,66.99105712,1.399473786,0.265472962,11.72791481,10.447480670733693
Finland,1999,35886.49491,3.118,0.987,22.44893134,66.25449215,1.162231557,0.232116249,11.69992256,10.48811631734956
Finland,2000,37872.60203,3.118,0.987,23.0668837,74.92557887,3.042100807,0.207606515,12.21870327,10.54198322806806
Finland,2001,38784.13081,3.118,0.987,22.87761128,70.28413766,2.578440801,0.227687342,12.4842577,10.56576644220589
Finland,2002,39343.0699,3.118,0.987,21.6087308,69.32093775,1.571220128,0.24238105,12.6149435,10.580075123977272
Finland,2003,40038.98397,3.118,0.987,21.78836495,68.07150296,0.877440386,0.23845724,12.75793839,10.59760885773257
Finland,2004,41521.96287,3.118,0.987,22.26015963,70.9678029,0.187120559,0.290350362,12.66499901,10.633977792011347
Finland,2005,42529.35069,3.118,0.987,22.920943,76.58897404,0.62387445,0.342248594,12.46187019,10.657949721025563
Finland,2006,44069.39588,3.118,0.987,22.76858285,82.00056693,1.566663807,0.383777136,12.44333553,10.693520849550561
Finland,2007,46213.6899,3.118,0.987,24.19717843,82.86316082,2.510665652,0.425429832,12.41471386,10.741031351358087
Finland,2008,46359.87328,3.118,0.987,24.49537459,86.18965988,4.065953554,0.465549285,12.19075775,10.744189564059099
Finland,2009,42412.51335,3.118,0.987,22.9565026,70.12793353,-9.17e-07,0.478246393,11.99967384,10.65519872385813
Finland,2010,43556.53858,3.118,0.987,22.82098572,75.46120852,1.184135232,0.457494535,12.13768482,10.68181511062047
Finland,2011,44391.45357,3.118,0.987,22.90860337,78.71594445,3.416807543,0.463558707,11.97931862,10.700802242730122
Finland,2012,43507.93454,3.118,0.987,23.31493477,79.43037659,2.808336226,0.475809487,11.55808258,10.680698603661721
Finland,2013,42883.6385,3.118,0.987,22.33153314,77.48517177,1.478286157,0.460723773,11.20705986,10.666245645223222
Finland,2014,42502.48802,3.118,0.987,21.71674237,74.62777198,1.041196212,0.413560208,11.07443428,10.657317894846072
Finland,2015,42560.34568,3.118,0.987,21.41993986,71.96182538,-0.20792884,0.329383886,10.97220707,10.658678246162992
Finland,2016,43529.67616,3.118,0.987,23.05242517,71.72221012,0.356684501,0.287421402,10.87608814,10.681198195051635
Finland,2017,44862.2204,3.118,0.987,23.68917608,75.93878223,0.754015047,0.234670532,10.54007053,10.711351303059734
Finland,2018,45337.24096,3.118,0.987,24.59326017,79.14361484,1.083820984,0.132641041,10.39947319,10.721884069982334
Finland,2019,45898.57084,3.118,0.987,24.42079843,80.56415029,1.02409393,0.11019169,10.5227766,10.734189259180447
Finland,2020,44690.98011,3.118,0.987,24.65617822,72.1845956,0.290554556,0.143641197,10.2389679,10.707526972991552
Finland,2021,45792.04542,3.118,0.987,24.42073612,79.78927819,2.194574323,0.207288594,10.23112202,10.731865674231996
France,1995,29379.61584,2.708,0.963,19.7468962,45.43166169,1.796481421,0.364159563,10.50099659,10.288056374080776
France,1996,29683.77861,2.708,0.963,19.46131663,46.11248016,1.982883651,0.357448008,10.445261,10.298356000835557
France,1997,30325.52287,2.708,0.963,18.96221915,49.80345347,1.20394294,0.356761848,10.43424702,10.319744975873004
France,1998,31256.50738,2.708,0.963,19.34455882,51.4214328,0.651126868,0.370540231,10.60198402,10.349982869646407
France,1999,32152.72075,2.708,0.963,20.17470548,51.67066146,0.537141639,0.515860144,10.77921581,10.378252352834735
France,2000,33255.13796,2.708,0.963,20.8814379,57.78604703,1.675959887,0.68633572,10.83897209,10.411964559259006
France,2001,33640.6738,2.708,0.963,20.86028824,56.89323286,1.634780795,0.728993949,10.87718105,10.423491143612807
France,2002,33753.5783,2.708,0.963,20.33633135,55.13252485,1.923412287,0.727033003,10.95771408,10.426841714384263
France,2003,33840.61757,2.708,0.963,20.49895063,52.59888229,2.098472191,0.705638837,10.82018566,10.429417063258127
France,2004,34557.14711,2.708,0.963,20.83727938,53.74976483,2.142089646,0.732625503,10.48044205,10.450369670610181
France,2005,34946.03725,2.708,0.963,21.25526454,55.82283612,1.745869364,0.751885117,10.35512638,10.461560357828708
France,2006,35645.41624,2.708,0.963,21.89778685,57.86927753,1.675124496,0.696338575,10.35643482,10.481375840857655
France,2007,36322.16851,2.708,0.963,22.5857089,58.15256113,1.48799806,0.618225683,10.09424782,10.500183536604723
France,2008,36257.36589,2.708,0.963,22.93301351,59.17979284,2.812861949,0.558020613,10.11413097,10.498397836606632
France,2009,35052.85108,2.708,0.963,21.44952357,52.1991123,0.087620478,0.513351013,9.922377586,10.46461223237852
France,2010,35578.1968,2.708,0.963,21.48216768,56.58755525,1.531122704,0.492976371,9.921668053,10.479488279778153
France,2011,36269.95615,2.708,0.963,21.69929278,60.60563548,2.111597952,0.482667411,9.737814903,10.498745023288073
France,2012,36161.29183,2.708,0.963,21.65592493,61.65895708,1.954195316,0.483714919,9.612243652,10.495744539255144
France,2013,36256.08668,2.708,0.963,21.26956379,61.81923387,0.863715498,0.516915013,9.598536491,10.498362554601574
France,2014,36444.39491,2.708,0.963,20.95838616,62.19926694,0.507758823,0.474847846,9.594199181,10.503542950852308
France,2015,36702.43237,2.708,0.963,20.55986968,63.5046872,0.037514381,0.35556924,9.590435028,10.510598308958148
France,2016,36920.53428,2.708,0.963,20.92126011,63.34275644,0.183334861,0.263868789,9.541593552,10.516523159801354
France,2017,37580.59793,2.708,0.963,21.42043361,65.39584816,1.032282751,0.290202116,9.546895027,10.534243183697718
France,2018,38062.4436,2.708,0.963,21.87539007,66.80226078,1.850815083,0.358494582,9.565526009,10.546983342677756
France,2019,38705.20729,2.708,0.963,22.41609554,66.42897717,1.108254923,0.332559129,9.481998444,10.56372942526328
France,2020,35709.20459,2.708,0.937,22.43623085,58.83889072,0.476498853,0.324557781,8.822711945,10.483163766187523
France,2021,38030.85717,2.708,0.937,23.48322873,63.78848263,1.64233141,0.356902332,8.875411034,10.546153139979369
Gabon,1992,8138.868219,2.048,0.845,22.06369148,79.86884209,-9.542913303,2.690190233,10.20018005,9.004406409894818
Gabon,1998,8949.121101,2.048,0.845,38.41209907,95.97478261,1.448738543,2.532085511,7.058110237,9.09931060544128
Gabon,1999,7944.645179,2.048,0.845,26.16858187,97.73145246,-1.936603976,2.548664239,11.34815979,8.98025341831338
Gabon,2000,7596.099707,2.048,0.845,21.90205643,101.7019289,0.504920026,2.585402093,17.70648956,8.935390198096686
Gabon,2010,6481.496121,2.188,0.908,31.40718532,89.15766272,1.461544027,3.449942679,13.33041954,8.776706645567343
Gabon,2011,6699.233946,2.188,0.908,28.680217,90.49837733,1.263317078,3.547397199,13.53407955,8.80974846242424
Gabon,2012,6803.226681,1.999,0.883,27.73728223,92.34280894,2.652418287,3.577469045,12.58226967,8.825152290530786
Gabon,2013,6938.257539,2.57,0.94,29.94537965,90.63503615,0.505441059,3.520092964,8.737569809,8.84480594690418
Gabon,2014,6998.605454,2.57,0.94,35.69513641,73.52032902,4.690457518,3.358440017,11.22548962,8.853466187333197
Gabon,2015,7047.126546,2.57,0.94,29.23095629,73.94978146,-0.338795189,3.114656253,11.61052132,8.860375230594483
Gabon,2016,6991.325145,2.57,0.94,26.98226104,70.13338106,2.106707128,2.86485541,10.30154228,8.852425394513578
Gabon,2017,6840.059593,2.403,0.91,21.29646742,75.06874045,2.651925831,2.658895725,15.27667141,8.830551723005543
Gabon,2018,6724.596143,2.403,0.91,19.25823243,77.0365977,4.749066521,2.536882898,14.61462688,8.81352714958128
Gabon,2019,6817.568795,2.403,0.92,21.89879657,73.42808945,2.464567562,2.47279132,14.0744772,8.827258205611258
Gabon,2020,6534.279665,2.403,0.92,19.86346911,70.11405465,1.352761107,2.389223598,15.76416492,8.784817392744904
Gabon,2021,6479.049007,2.403,0.92,17.45655062,85.34831221,1.086907465,2.306124358,15.35516357,8.776329020397272
Gabon,2022,6527.482079,2.403,0.949,16.02694049,92.06308885,4.231247983,2.247639013,13.80337906,8.783776555108005
Gabon,2023,6541.253686,1.329,0.787,18.07606611,91.47865332,3.629015342,2.198912897,13.56582355,8.785884121187118
Georgia,1995,1029.480546,-0.298,0.329,4.032902674,67.82867881,162.7171522,-3.757716068,10.46542168,6.936809629737578
Georgia,1996,1187.123206,0.562,0.44,18.56546207,45.69654905,39.3575,-3.62954608,10.87138081,7.079288185347907
Georgia,1997,1354.783522,0.562,0.44,18.45856989,57.75306593,7.087617629,-3.207518172,11.42596912,7.211396958188812
Georgia,1998,1431.793361,0.562,0.44,25.55341391,53.56666932,3.566807813,-2.474222976,12.68475628,7.26668303613055
Georgia,1999,1503.462988,0.562,0.44,26.20758199,57.15187433,19.19267582,-2.057376879,13.17110157,7.315526384899103
Georgia,2000,1561.198676,0.562,0.44,25.44738297,62.66139564,4.063962014,-1.944629157,13.4539814,7.35320918724051
Georgia,2001,1661.830191,0.562,0.44,27.23491459,63.32992508,4.646044421,-1.551238397,12.50109482,7.415674798715388
Georgia,2002,1768.597012,0.562,0.44,24.48476931,71.62912554,5.5878373,-0.897253673,13.91570473,7.477941862668309
Georgia,2003,1977.461433,0.562,0.44,27.3525531,77.63337654,0.837734532,-0.675365806,11.5538969,7.589569196543913
Georgia,2004,2105.004728,1.431,0.626,28.16180288,79.04074591,5.656326362,-0.61926241,13.08142185,7.65207299219472
Georgia,2005,2321.600843,1.431,0.626,28.786927,84.52959754,8.247090431,-0.635292218,10.90174484,7.750012245241504
Georgia,2006,2554.812535,1.431,0.609,26.21338806,89.12537437,9.160965084,-0.568484712,11.96104527,7.845734128126001
Georgia,2007,2891.137023,1.295,0.585,26.37903235,88.39341407,9.244897456,-0.521646734,9.313008308,7.969405137295801
Georgia,2008,2970.158583,1.339,0.568,22.03838552,86.29822437,9.999487616,-0.303790529,8.878415108,7.996370625320781
Georgia,2009,2887.256079,1.282,0.552,15.71333259,78.19303903,1.727514611,-0.888185043,8.733519554,7.968061876456657
Georgia,2010,3090.065137,1.433,0.571,18.63997652,81.67338706,7.110178975,-0.729475257,8.995471001,8.035947449604887
Georgia,2011,3362.103003,1.242,0.547,19.83091038,85.46593509,8.542933333,-0.80216404,9.265166283,8.120321950917448
Georgia,2012,3609.780799,1.586,0.617,21.58413091,89.73488009,-0.943658853,-0.736565519,9.820213318,8.191402328984747
Georgia,2013,3806.506006,1.717,0.757,18.43789107,93.81391379,-0.512058411,-0.300972141,12.01122379,8.244466988572423
Georgia,2014,3960.350801,0.918,0.674,21.44252159,94.95069794,3.068812104,0.0469539,12.50749397,8.284087886436119
Georgia,2015,4086.622347,1.555,0.856,23.92013517,97.01631151,4.003578207,0.157481405,14.10989475,8.315474075820383
Georgia,2016,4225.091549,1.99,0.888,26.00244084,94.92625284,2.134927139,0.059816599,15.01032257,8.348796207958884
Georgia,2017,4442.507441,1.99,0.867,25.1354717,102.5842777,6.035317253,0.013386075,15.11464214,8.398974234985198
Georgia,2018,4713.653548,2.757,0.92,24.79275334,109.8477406,2.615244714,-0.039036546,14.27200699,8.45821858652286
Georgia,2019,4975.811482,2.441,0.904,23.96279572,117.8100802,4.852898217,-0.17156574,14.14191246,8.512343748251183
Georgia,2020,4659.609253,2.556,0.933,22.23280946,92.89108418,5.20246489,0.068656249,12.06711292,8.446686872316421
Georgia,2021,5175.198652,2.156,0.896,20.75809235,101.6009075,9.566914338,-0.379636607,12.46901035,8.551633004256717
Georgia,2022,5736.304496,1.999,0.898,19.75015729,114.6954377,11.89816542,0.104889951,12.17459774,8.654570465947202
Germany,1991,31056.59388,3.283,0.986,24.83950214,47.6354132,4.047032598,0.728605547,8.461963654,10.34356642810076
Germany,1992,31441.97435,3.283,0.986,25.00850932,44.684044,5.056977967,0.760346947,9.049964905,10.355899041963326
Germany,1993,30932.01931,3.283,0.986,23.96172625,39.74939397,4.474576508,0.657391218,9.237968445,10.339547150001328
Germany,1994,31625.39397,3.283,0.986,24.02471137,41.09574433,2.693056399,0.346856649,9.16286087,10.361715683501634
Germany,1995,32007.1454,3.283,0.986,23.46465396,42.60614865,1.706160413,0.293904444,7.505643368,10.373714450605524
Germany,1996,32245.86084,3.283,0.986,22.93291368,43.9035861,1.44972702,0.289474899,8.579226494,10.38114496794035
Germany,1997,32795.78335,3.283,0.986,22.57261664,48.38032107,1.939371989,0.146313282,8.706572533,10.398055229705713
Germany,1998,33477.98565,3.283,0.986,22.70087178,50.15546578,0.911183535,0.015143651,8.634325981,10.41864335702277
Germany,1999,34168.83082,3.283,0.986,22.83347134,51.51922744,0.585433064,0.064634578,8.58439827,10.4390691279597
Germany,2000,35104.13085,3.283,0.986,22.88294845,59.1955993,1.440268387,0.1354316,8.528443336,10.466074090563453
Germany,2001,35618.51437,3.283,0.986,21.54336311,59.55928637,1.983857313,0.168225361,8.755450249,10.480620848225405
Germany,2002,35477.51515,3.283,0.986,19.88670301,58.33256872,1.420806156,0.168128319,8.707961082,10.476654398739818
Germany,2003,35270.02273,3.283,0.986,19.26388226,58.91454429,1.034222186,0.055363304,8.642513275,10.470788667686936
Germany,2004,35687.63787,3.283,0.986,18.83146391,62.90649095,1.665736967,-0.021709728,8.771615982,10.482559629648346
Germany,2005,36024.0947,3.283,0.986,18.76442033,66.95310249,1.546911148,-0.056778262,8.78028965,10.491943290780972
Germany,2006,37459.26133,3.283,0.986,19.46240592,72.75919346,1.577426428,-0.112797498,8.906779289,10.531009256903499
Germany,2007,38593.07499,3.283,0.986,19.71517021,74.88384168,2.298344007,-0.133718573,9.044315338,10.560828134953882
Germany,2008,39009.84776,3.283,0.986,19.96303992,76.11316659,2.628379816,-0.190142845,8.92984581,10.571569399904007
Germany,2009,36940.40787,3.283,0.986,18.83819773,66.13912758,0.312739007,-0.25338341,9.018068314,10.517061295110791
Germany,2010,38526.7371,3.283,0.986,19.18616122,73.88523512,1.103810378,-0.153198447,9.113441467,10.559107749372952
Germany,2011,40722.48493,3.283,0.986,20.00811821,78.4330029,2.075172837,-1.853714629,9.511645317,10.614535674166003
Germany,2012,40834.50882,3.283,0.986,19.96631277,79.33164957,2.008488848,0.187727801,9.517230034,10.61728280731303
Germany,2013,40884.89268,3.283,0.974,19.57714688,77.58602886,1.504723303,0.272900215,9.709711075,10.618515901669067
Germany,2014,41602.46613,3.283,0.974,19.78257446,76.84835163,0.906794,0.416877359,9.748104095,10.635914726463401
Germany,2015,41929.75491,3.283,0.974,19.74775107,77.75658157,0.514426137,0.865702644,9.638143539,10.643750994929505
Germany,2016,42516.93371,3.283,0.974,20.04384688,76.00599022,0.491747008,0.807218539,9.477829933,10.65765771579157
Germany,2017,43543.48071,3.283,0.974,20.13392897,77.45483947,1.509494851,0.37372456,9.48073101,10.681515274404491
Germany,2018,43905.85501,3.283,0.974,20.81752343,79.12522605,1.732168798,0.300526702,9.638201714,10.689802961696268
Germany,2019,44235.2659,3.283,0.974,21.15229781,79.07324272,1.445659769,0.225519874,9.726378441,10.697277620976621
Germany,2020,42372.87268,3.283,0.974,21.34267631,72.93353271,0.144877926,0.081693159,9.298440933,10.65426364118069
Germany,2021,44011.01946,3.283,0.974,21.18150415,79.91953486,3.066666667,0.042327057,9.0661726,10.692195323817694
Germany,2022,44817.13163,3.283,0.974,21.60104678,88.78575421,6.872574386,-0.02195657,9.190701485,10.710345747761249
Ghana,1986,784.9379237,0.151,0.369,9.295590671,36.71168749,24.56541608,2.200791731,34.30920029,6.6656046365664
Ghana,1987,803.9296102,0.575,0.46,10.36032172,45.84812332,39.81506788,2.29278306,24.66799927,6.689511715843797
Ghana,1988,829.0173876,0.654,0.467,11.23948341,42.24549941,31.35926763,2.40254861,23.93285942,6.7202411291011055
Ghana,1999,1010.881949,2.14,0.948,20.4674438,81.70510403,4.865397851,2.441208076,14.8927002,6.91857844563497
Ghana,2001,1035.226661,2.14,0.948,27.1229213,110.0458542,41.50949629,2.663105441,15.74110985,6.942375677858582
Ghana,2004,1108.304754,2.14,0.953,28.37750668,99.67033435,18.04273882,2.648564224,22.37924957,7.010586878224722
Ghana,2005,1143.311789,2.14,0.953,29.00214064,98.17151411,15.43899202,2.622757231,23.42996025,7.0416844078741025
Ghana,2006,1185.265707,2.14,0.953,22.46580574,64.51905424,11.67918394,2.599672365,24.16197968,7.077722253750948
Ghana,2007,1205.317058,2.14,0.953,15.38454499,65.35432229,10.73426655,2.577428818,22.31702042,7.094497929987307
Ghana,2008,1282.634169,2.14,0.953,16.49196394,69.51422561,16.49463961,2.537779829,24.03750038,7.156671186777814
Ghana,2009,1311.630538,2.315,0.958,15.47882959,71.59473853,19.24694822,2.495284986,22.49513054,7.179026327712561
Ghana,2010,1381.22795,2.315,0.956,11.76409219,75.37781579,10.73338984,2.43301424,20.69614029,7.230728201337735
Ghana,2011,1537.81834,2.315,0.956,11.97694023,86.29545385,8.728459371,2.404971455,30.63430977,7.3381200286552
Ghana,2012,1640.540721,2.315,0.946,16.10990938,93.16803513,11.18634094,2.41990908,26.58139038,7.402781174403359
Ghana,2013,1718.597048,2.315,0.947,24.03899898,60.7593219,11.66619231,2.409279309,21.222209929999998,7.449263567200468
Ghana,2014,1726.369301,2.315,0.947,26.42288052,63.83656244,15.48961603,2.364985531,20.98513985,7.453775812255869
Ghana,2015,1722.772828,2.315,0.947,27.01262554,76.52127092,17.1499695,2.307127331,23.80879974,7.451690381056505
Ghana,2016,1740.811019,2.315,0.946,24.82616879,67.87699944,17.45463471,2.276212039,22.09332085,7.4621063864899355
Ghana,2017,1841.446362,1.881,0.926,18.88642524,70.54836529,12.37192155,2.195357928,20.09763908,7.51830660811907
Ghana,2018,1915.453232,1.881,0.926,21.19909375,67.95851746,7.808765166,2.075171366,18.59816933,7.557709548285343
Ghana,2019,1999.553722,1.881,0.912,18.03819368,76.82480273,7.143640033,2.0078052,14.27171898,7.6006792956428715
Ghana,2020,1970.194115,1.881,0.918,17.66074711,66.57549872,9.887289563,1.991819851,13.62947464,7.585887352410722
Ghana,2021,2030.048665,1.662,0.888,16.75365045,62.70783091,9.971088675,1.959045844,12.16741467,7.615815044654892
Ghana,2022,2067.208959,1.839,0.898,16.20458356,70.1154558,31.2558951,1.920290343,13.17930412,7.63395464746047
Ghana,2023,2091.813356,1.839,0.898,9.867318424,64.38786153,38.10696563,1.908602897,12.03531742,7.645786603231422
Greece,1995,15857.41619,3.269,0.974,20.96669102,36.12563534,8.93451416,0.467197289,8.000473976,9.671392568297806
Greece,1996,16005.95116,3.269,0.974,22.10842021,36.82092926,8.194552176,0.440670531,8.175086975,9.680715879566595
Greece,1997,16501.03165,3.269,0.974,21.58993914,39.43854865,5.536002668,0.493267145,8.988808632,9.711178182176537
Greece,1998,16973.82937,3.269,0.974,24.51359029,42.48989596,4.766225724,0.554211903,8.067892075,9.739427988045962
Greece,1999,17358.4347,3.269,0.974,25.38603194,48.17603703,2.63663306,0.383471312,8.125618935,9.761833817098356
Greece,2000,18002.90646,3.269,0.978,25.93735478,59.11265775,3.151181625,0.409041838,8.316392899,9.798288493843424
Greece,2001,18742.42358,3.269,0.978,25.5981997,56.85763396,3.373968322,0.519884464,8.072037697,9.838544874004626
Greece,2002,19548.36774,3.269,0.978,23.87585455,50.05333719,3.629358719,0.366566462,8.548779488,9.880647070367795
Greece,2003,20632.2557,3.269,0.978,24.87800682,47.89431216,3.530650278,0.238643175,9.13454628,9.934610940853906
Greece,2004,21688.1051,3.269,0.978,25.04492253,49.82531767,2.898848108,0.247413543,8.625401497,9.984519237164546
Greece,2005,21880.52658,3.269,0.978,21.35688706,50.35553344,3.545072733,0.293249074,9.244790077,9.993352322973923
Greece,2006,23220.53244,3.269,0.978,24.05658499,51.10474658,3.195946841,0.300331801,8.089784622,10.052792185221547
Greece,2007,23973.69361,3.269,0.978,25.53087734,54.52568182,2.895003215,0.254757582,7.636775494,10.084712408590276
Greece,2008,23923.88007,3.269,0.978,23.28069624,57.10528363,4.152797081,0.265457837,7.426870346,10.082632405194182
Greece,2009,22878.13466,3.269,0.978,20.43844698,46.3779594,1.210072692,0.263026401,7.636618614,10.037936915072317
Greece,2010,21547.72418,2.581,0.972,16.82005721,50.9225182,4.712989078,0.128880433,7.824027061,9.978025483458616
Greece,2011,19448.2558,2.147,0.96,13.86559554,56.29299579,3.329853234,-0.147951277,8.200703621,9.875512668932906
Greece,2012,17924.66205,2.584,0.965,12.27953128,62.39421174,1.501526962,-0.540752951,8.087697983,9.793932811733605
Greece,2013,17644.87666,1.571,0.916,11.5362301,62.95472722,-0.921269454,-0.725120807,7.169329643,9.778200746002764
Greece,2014,17903.52524,2.468,0.955,11.23378143,66.43353645,-1.312260964,-0.66611329,8.53313446,9.79275291322068
Greece,2015,17980.72982,2.468,0.955,11.1610942,65.27164546,-1.735888048,-0.658861361,7.683336735,9.797055897858117
Greece,2016,18049.929,2.468,0.955,11.36847082,63.65754909,-0.825653978,-0.415913028,8.05513382,9.800897030235285
Greece,2017,18352.08845,2.468,0.955,12.04928341,70.88249674,1.12125452,-0.197783225,8.032671928,9.817498658995724
Greece,2018,18769.03896,2.468,0.955,11.33105261,79.23799086,0.625621413,-0.202880238,8.456664085,9.839963927417323
Greece,2019,19216.67596,2.824,0.965,10.97046318,80.59009495,0.253007522,-0.105339393,8.355419159,9.863533720636958
Greece,2020,17486.95133,2.824,0.956,12.29986587,70.29374646,-1.247983556,-0.214592107,7.539191723,9.769210243499401
Greece,2021,19232.96833,2.165,0.903,13.79154665,88.01266545,1.22382501,-1.21680249,7.111895561,9.864381186005023
Guatemala,2014,3809.615876,0.267,0.62,15.17177602,55.08327359,3.418361697,1.895112319,18.51608849,8.245283643090568
Guatemala,2015,3893.505333,0.267,0.62,14.51658034,49.89345177,2.388720328,1.832507679,20.3962574,8.267065144734865
Guatemala,2016,3924.778948,0.311,0.629,13.87171605,46.37273447,4.448441999,1.842560602,20.18209648,8.275065309649644
Guatemala,2017,3972.740578,0.445,0.644,13.60942428,46.06940335,4.424536552,1.818760915,20.00774384,8.28721145743302
Guatemala,2018,4040.212137,0.609,0.665,13.6958971,47.01168527,3.751861867,1.666022733,20.3894577,8.304052478735054
Guatemala,2019,4139.122038,0.609,0.689,14.37928994,45.51673415,3.69998398,1.520629553,20.36159325,8.328238976213795
Guatemala,2020,4005.839116,0.609,0.7,13.70245977,41.14075945,3.214440622,1.471377105,18.88810539,8.295508354660438
Guatemala,2021,4268.628586,0.609,0.7,16.13311764,49.26114946,4.261051274,1.380758706,19.38323021,8.359047880396302
Guatemala,2022,4385.148912,0.609,0.7,16.70488991,54.43103848,6.885128233,1.406237102,18.93992233,8.385978863636746
Guinea,2005,651.3596069,-0.484,0.357,12.72542006,47.93770039,31.37330259,2.000419546,10.94746971,6.479061881247977
Guinea,2008,684.7757804,-0.927,0.281,22.58947508,64.18424339,23.06561294,2.41908605,15.67825985,6.529091456795549
Guinea,2009,660.7567013,-0.927,0.29,20.93560311,69.81534542,4.68438869,2.441584894,13.58339977,6.493385695392863
Guinea,2010,675.7369173,0.246,0.543,19.13718924,73.54657393,15.05026886,2.4592931,12.43832016,6.515803824702774
Guinea,2011,696.1999914,0.246,0.522,23.60218868,85.95467327,21.31692685,2.476973527,14.25930977,6.545636963024566
Guinea,2012,719.5059168,0.246,0.522,25.11778155,86.67433183,15.2262941,2.454161563,9.46061039,6.578564749782143
Guinea,2013,729.8331432,0.214,0.517,23.42938647,80.42644772,11.88758845,2.444714985,14.13280964,6.5928159370572095
Guinea,2014,738.2722745,0.214,0.517,22.71137065,76.7719659,6.150505567,2.480193464,11.98950958,6.604312692197311
Guinea,2015,747.3569668,0.214,0.517,23.96917417,72.44273075,11.7800825,2.531512776,11.59877968,6.616542938192789
Guinea,2016,807.236421,0.214,0.517,52.41831913,111.8394674,8.172681123,2.566908693,15.76885986,6.6936165881899985
Guinea,2017,867.9075026,0.214,0.496,25.76582414,101.2516338,8.914359479,2.556523182,13.37679005,6.766085145157137
Guinea,2018,899.907328,0.018,0.484,19.46740955,88.98411154,9.827617013,2.543855729,14.87012005,6.802291789133762
Guinea,2019,926.4222195,0.018,0.468,17.79924111,78.41531323,9.470010393,2.561004517,12.40536022,6.831330091310893
Guinea,2020,945.5709034,-0.814,0.323,16.57538689,115.7652595,10.60162034,2.551399536,14.29006004,6.851788875662337
Guinea,2021,973.6468901,-0.814,0.323,15.02252636,115.1955328,12.59728826,2.506104194,11.50166798,6.881048702078911
Guinea,2022,987.5025015,-0.814,0.323,15.21749545,94.16527269,10.493041,2.482504091,11.94969559,6.895179029936625
Guinea,2023,1016.880948,-0.814,0.323,24.50161136,95.82952676,7.804975919,2.4619905,10.02691841,6.924495327249373
Guinea-Bissau,1999,576.3307953,-0.598,0.416,21.86115633,49.09948923,-2.086305132,1.896307323,16.74309921,6.356681793246086
Guinea-Bissau,2010,625.9040273,0.014,0.566,19.36645239,43.51458764,2.517851402,2.584920321,9.069239616,6.439197048324398
Guinea-Bissau,2011,658.9534705,-0.077,0.551,15.72471446,48.61746021,5.046102263,2.629227665,10.19974041,6.490652925788223
Guinea-Bissau,2012,630.668623,-0.25,0.464,19.20984137,44.12806656,2.130545803,2.659527392,14.53979969,6.446780562947359
Guinea-Bissau,2013,634.0954561,0.221,0.597,17.64943044,39.95746178,1.207125557,2.662291019,16.19137955,6.452199504775879
Guyana,1999,3813.330576,1.007,0.713,24.99795472,201.0593148,7.538219399,0.117403089,22.68779945,8.246258253188495
Guyana,2000,3759.607897,0.585,0.563,23.77598249,206.7673705,6.14854333,0.04564135,17.65683937,8.232069948233354
Guyana,2001,3847.094619,0.166,0.507,21.5703447,199.5770007,2.627413142,-0.046426197,16.55555916,8.255073497978813
Guyana,2002,3894.871074,0.166,0.572,20.86049903,196.7250784,5.341015214,-0.107975188,16.90000916,8.26741585737191
Guyana,2003,3873.041237,0.166,0.572,20.95211587,189.1624856,5.980978141,-0.072179327,13.81455994,8.261795326759904
Guyana,2004,3937.114353,0.166,0.572,23.54568087,200.7252869,4.668466224,-0.089543302,11.08073997,8.27820333624201
Guyana,2005,3867.933082,0.166,0.572,32.33397827,194.3507573,6.925543039,-0.197461944,13.8234396,8.260475556009881
Haiti,2014,1411.768348,1.033,0.802,16.55686633,42.35152591,3.4381666,1.465125763,11.98414993,7.2525983451038725
Haiti,2015,1411.126847,1.033,0.802,13.97372865,41.94573812,6.731840697,1.435740358,14.56777954,7.25214384646561
Haiti,2016,1416.748819,1.278,0.816,13.59222789,41.41090222,11.50290739,1.398627233,13.23316956,7.256119961451358
Haiti,2017,1432.672286,0.824,0.768,16.87697985,42.07454779,10.68008872,1.361606624,14.69501972,7.267296710816091
Haiti,2018,1437.352519,0.601,0.743,16.051092,45.1385763,12.48141112,1.327909594,14.49096966,7.270558171929968
Haiti,2019,1394.421141,0.601,0.744,18.53625002,44.56871878,18.70378257,1.294236606,12.86167049,7.240234655450603
Haiti,2020,1331.697785,0.601,0.744,17.70308378,37.41388013,22.79631136,1.241099932,10.00410938,7.194209937219189
Haiti,2021,1292.71955,0.709,0.751,18.04805826,37.04655946,16.84152402,1.156043394,16.1069355,7.164503456560707
Haiti,2022,1256.721436,0.709,0.751,15.86213942,36.52955028,33.98393195,1.127898287,13.12404442,7.136261573848107
Haiti,2023,1219.118716,0.709,0.751,13.85368367,30.7854237,36.81351628,1.156332636,11.23081112,7.105883512762335
Honduras,1994,823.791676,0.281,0.567,27.97743013,114.4381139,21.72934688,2.835784252,12.88875008,6.71391767755666
Honduras,1995,998.3565651,0.333,0.574,23.25733466,114.5376475,29.46452923,2.834304304,17.87564087,6.906110492161603
Honduras,2013,2205.401267,1.63,0.734,23.58542028,116.3060492,5.161898986,1.979143185,19.86407089,7.698664751823371
Honduras,2014,2229.247722,1.63,0.734,22.28544003,112.9750973,6.129249303,1.936782093,25.65361977,7.7094194631461255
Honduras,2015,2271.20266,0.741,0.698,23.68300792,107.2644054,3.15783118,1.903652414,24.64455986,7.728064776345113
Honduras,2018,2430.135037,1.154,0.762,24.74735561,103.5511622,4.347349378,1.829946431,23.15510941,7.795702105572489
Honduras,2023,2527.273663,0.439,0.705,23.75620763,98.79197983,6.663251803,1.714773884,15.37228012,7.834896397132088
Hungary,1995,7704.640902,3.078,0.948,21.70470102,78.17589159,28.30546837,-0.139220004,10.08141518,8.949578140827766
Hungary,1996,7725.699804,3.078,0.948,22.78938931,83.02198064,23.46903019,-0.171771609,10.48455715,8.952307687177527
Hungary,1997,7971.805549,3.078,0.948,23.19764749,94.68791015,18.30507441,-0.201458936,10.8694582,8.98366628928909
Hungary,1998,8297.854195,3.078,0.948,24.11058275,107.3193351,14.15378965,-0.232679337,10.25644302,9.023752229636969
Hungary,1999,8578.195064,3.078,0.948,25.03676402,113.8695328,9.997744093,-0.28326061,10.5633297,9.056978804850917
Hungary,2000,8979.735786,3.078,0.948,25.47136341,137.2623131,9.803610169,-0.259764908,11.23305416,9.102725738368964
Hungary,2001,9365.953932,3.078,0.948,24.82925667,130.9037142,9.116809117,-0.229379183,11.35202408,9.144836471089494
Hungary,2002,9836.940651,3.078,0.948,24.70434689,118.2693352,5.265448216,-0.284751377,11.11952782,9.193900032252715
Hungary,2003,10253.72392,3.078,0.948,23.65141535,116.7870885,4.661016949,-0.286433268,13.05132294,9.235396227854014
Hungary,2004,10786.4882,3.078,0.948,24.06485129,123.6156861,6.744346796,-0.221439379,12.08970928,9.286049537250017
Hungary,2005,11272.73454,3.078,0.948,23.85772927,128.0048106,3.561517114,-0.198878843,12.14680195,9.330142216466015
Hungary,2006,11734.45447,3.078,0.923,23.51489184,149.2315316,3.930326038,-0.155716485,11.51811981,9.370284619773788
Hungary,2007,11791.70744,3.078,0.938,23.70336123,155.6014324,7.958745165,-0.154915158,11.05704594,9.375151804080637
Hungary,2008,11929.72099,3.078,0.938,23.35844326,158.4532241,6.042512539,-0.175097367,10.86712456,9.386788127559464
Hungary,2009,11142.88593,3.078,0.938,22.68497193,145.3058773,4.211711712,-0.154908814,10.61416245,9.318556540074617
Hungary,2010,11287.36867,3.078,0.952,20.11154979,157.8389601,4.855557957,-0.226013876,11.23140526,9.33143956266309
Hungary,2011,11536.3579,3.078,0.952,19.56893055,166.7543472,3.929920989,-0.283360436,10.29437447,9.353258883662063
Hungary,2012,11440.76227,3.078,0.952,19.20097494,166.1756986,5.652145171,-0.516437607,9.522100449,9.344937894706984
Hungary,2013,11729.57208,3.078,0.938,20.8591446,164.4760248,1.73319985,-0.481259647,9.414786339,9.369868460163666
Hungary,2014,12287.37794,3.078,0.938,22.1003955,168.3583551,-0.227566271,-0.402887577,10.39120007,9.416327830733652
Hungary,2015,12782.94126,3.078,0.938,22.29370479,167.2907385,-0.06164468,-0.359466253,10.3242197,9.45586684699201
Hungary,2016,13145.65599,3.078,0.938,19.61276202,163.9719445,0.394769307,-0.388598015,10.60550213,9.483846640064874
Hungary,2017,13734.24428,3.078,0.958,22.31751791,165.0328558,2.348242812,-0.338685889,10.83948994,9.527647575537662
Hungary,2018,14533.77831,3.078,0.958,24.87733843,162.7008588,2.850247926,-0.20368727,10.85924339,9.584230757860855
Hungary,2019,15290.80855,3.078,0.958,27.12434389,159.9255565,3.338586354,-0.125143122,10.19274426,9.635007178492911
Hungary,2020,14664.29712,3.078,0.977,26.44763335,154.5270029,3.326743858,-0.252049643,9.333879471,9.593171051180066
Hungary,2021,15787.95354,3.078,0.977,27.2593628,159.1875273,5.110965344,-0.409163639,10.36329174,9.667002494037085
Iceland,1998,40926.71581,3.15,0.989,25.31441729,70.76763953,1.65924171,1.070859043,15.47620296,10.619538327078255
Iceland,1999,42010.93762,3.15,0.989,23.22686717,68.47258085,3.231832609,1.209238786,15.44133854,10.645685282886037
Iceland,2000,43472.33699,3.15,0.989,24.24761446,70.2477742,5.136471232,1.369192833,15.53201389,10.679880083522354
Iceland,2001,44545.98226,3.15,0.989,22.9243407,73.93953258,6.405085504,1.329295255,18.17838097,10.70427724387133
Iceland,2002,44389.55605,3.15,0.989,19.60240458,68.71083147,5.197022302,0.892596377,18.72737694,10.70075949665169
Iceland,2003,45088.9226,3.15,0.989,21.18157196,67.40099875,2.055663298,0.69249762,18.10956955,10.716391876696298
Iceland,2004,48101.71163,3.15,0.989,24.6369177,69.73262045,3.158193243,0.877936158,18.60569,10.781073040284012
Iceland,2005,50674.44113,3.15,0.989,29.10143706,71.21067939,3.987047828,1.582891978,17.33946991,10.83317694274434
Iceland,2006,52306.12847,3.15,0.989,34.9959953,76.63085377,6.687079061,2.34742243,17.10422134,10.864868822346773
Iceland,2007,55457.36014,3.15,0.989,29.01192255,73.62496688,5.051557365,2.530085489,16.61261177,10.923369718686
Iceland,2008,55360.8136,3.15,0.989,25.1262762,81.90274819,12.69439428,1.859572171,11.85544682,10.921627286715351
Iceland,2009,50581.08462,3.15,0.989,15.26462566,89.00144406,12.00312985,0.341241979,14.10290718,10.831332963647663
Iceland,2010,49528.48646,3.15,0.989,13.90902714,92.49015281,5.396731132,-0.143903,14.68791294,10.810303267069749
Iceland,2011,50058.83025,3.15,0.989,15.1954436,100.1332526,4.001026643,0.305468368,14.07245159,10.820954197753105
Iceland,2012,50375.41169,3.15,0.989,15.78317626,102.4331371,5.185899888,0.532100735,14.55964661,10.827258471721793
Iceland,2013,51696.08765,3.15,0.989,15.44324668,97.69802219,3.872279237,0.9458859,15.50009155,10.853137383551855
Iceland,2014,52102.57579,3.15,0.989,17.00741993,95.28791942,2.044614815,1.112504755,15.1298275,10.860969665866783
Iceland,2015,53505.69641,3.15,0.989,19.11775278,94.88880275,1.633055582,1.041940387,15.61505795,10.887543402169314
Iceland,2016,56049.29286,3.15,0.989,20.66905478,87.7600166,1.69692762,1.388081496,14.39814854,10.933986812185216
Iceland,2017,56657.98003,3.15,0.989,21.54789292,86.35853369,1.760415592,2.345582676,15.80996132,10.944788122025392
Iceland,2018,57731.65234,3.15,0.989,21.65779731,88.93499697,2.682917683,2.678142769,15.99001312,10.963560869505766
Iceland,2019,57118.84527,3.15,0.989,20.59820324,83.79236595,3.013971792,2.198932258,16.13585663,10.952889380947779
Iceland,2020,52464.30729,3.15,0.989,21.00636144,68.65502335,2.847924015,1.623086251,15.87585068,10.867888356226471
Iceland,2021,54285.02092,3.15,0.989,22.48679164,76.23172499,4.444239702,1.63931664,15.40631294,10.90200361003937
Iceland,2022,57606.87561,3.15,0.989,23.76365641,93.04871996,8.308755116,2.513773433,14.89868927,10.961397207789329
India,1997,667.5984231,1.593,0.764,25.35005215,22.61938687,7.164252115,1.966425184,13.32223034,6.503686829741751
India,1998,695.2937093,1.593,0.764,25.45876778,23.69947008,13.23083898,1.935963844,14.15927029,6.544334359602516
India,1999,742.5392084,1.593,0.764,27.53509242,24.81559804,4.66982038,1.902029192,16.95982933,6.610075675208597
India,2000,756.7041095,1.593,0.764,26.02178485,26.90092291,4.00943591,1.879398262,16.73051071,6.628972304503755
India,2003,841.2788946,1.069,0.705,28.33482571,30.59243613,3.805858995,1.734382044,12.41079998,6.734923227590482
India,2004,892.5966146,1.069,0.705,30.70814142,37.50381406,3.767251735,1.703570468,11.19686031,6.794134759447668
India,2005,947.7325656,1.069,0.705,32.75533704,42.00166961,4.24634362,1.631421469,11.20845985,6.854072358658792
India,2006,1008.232753,1.069,0.705,33.58489158,45.7244805,5.796523376,1.564125225,11.69371033,6.915954327730652
India,2009,1155.101633,1.069,0.705,33.95162693,46.27286964,10.88235294,1.44601732,11.19120026,7.051943613024048
India,2010,1235.159391,1.069,0.675,33.23001467,49.2552065,11.98938992,1.454603619,11.83368015,7.118955302272815
India,2011,1281.610544,1.069,0.675,34.31341665,55.62388001,8.911793365,1.416827615,13.56490993,7.155872803496232
India,2012,1333.096266,1.069,0.675,33.43693433,55.79372173,9.478996914,1.374056166,13.08770752,7.195259535125535
India,2013,1399.453798,0.869,0.679,31.29580085,53.84413195,10.01787847,1.332704305,14.05018044,7.243837295191553
India,2014,1484.316407,0.854,0.679,30.08023706,48.92218575,6.665656719,1.261290271,15.71815395,7.302709613264972
India,2015,1583.998159,0.513,0.657,28.73314413,41.92291387,4.906973441,1.192855634,16.33423042,7.367707410126221
India,2016,1694.46535,0.15,0.599,28.18843788,40.08248571,4.948216341,1.191629664,17.15530205,7.4351225423281475
India,2017,1788.697703,0.15,0.616,28.17781362,40.74249695,3.328173375,1.162396143,13.54925537,7.489243093825513
India,2018,1883.357727,0.121,0.613,29.46306815,43.61696933,3.938826467,1.097299067,13.06618786,7.5408114877778765
India,2019,1936.030677,0.121,0.567,28.45454433,39.90540353,3.729505735,1.040013951,14.99843025,7.568395113268834
India,2020,1806.501106,0.071,0.563,27.32432137,37.75810533,6.623436776,0.973438647,14.99098587,7.499147162821108
India,2021,1965.309434,0.269,0.648,29.57803452,45.42308878,5.131407472,0.82264822,14.64736176,7.583404984679363
India,2022,2098.211245,0.174,0.63,31.22309444,50.07527015,6.699034141,0.790200541,14.15547466,7.648840472638662
Indonesia,2008,2464.601934,1.29,0.747,27.69859122,58.56139963,10.22666633,1.29735043,11.451334,7.80978558621523
Indonesia,2009,2546.219697,1.341,0.751,31.11476656,45.51212137,4.386413118,1.266986251,16.16484261,7.84236506643927
Indonesia,2010,2670.81291,1.532,0.779,30.99940883,46.70127388,5.13420639,1.260541401,18.01392365,7.890138165729707
Indonesia,2011,2799.624688,1.532,0.779,31.30745404,50.18001318,5.356048491,1.276688306,18.54828453,7.937240647179132
Indonesia,2012,2930.518445,1.532,0.779,32.71962807,49.5828983,4.279514269,1.285838166,16.96810913,7.982934630044432
Indonesia,2013,3055.24246,1.44,0.773,31.96577957,48.63737268,6.412494579,1.240380016,16.3005867,8.024614233431913
Indonesia,2014,3170.72103,1.486,0.777,32.51674144,48.08017559,6.394928824,1.175360912,16.45954704,8.061714295266203
Indonesia,2015,3288.222697,1.486,0.81,32.81192658,41.93764024,6.363120612,1.122339818,16.713871,8.098102484113626
Indonesia,2016,3416.810052,1.322,0.793,32.5777315,37.4213418,3.525804528,1.0744882,21.07878494,8.136462661456903
Indonesia,2017,3553.519993,1.322,0.793,32.16063886,39.35549707,3.808798577,1.022329398,16.11047935,8.175693938535067
Indonesia,2018,3701.321555,1.136,0.773,32.28849709,43.07430896,3.198347559,0.96974341,16.79570961,8.216445211886814
Indonesia,2019,3850.903217,1.136,0.756,32.34688455,37.62777754,3.030584609,0.935604959,17.33811378,8.256063001585309
Indonesia,2020,3739.449066,0.671,0.706,31.70975645,32.9721754,1.919835273,0.849801187,17.94368362,8.226693571001457
Indonesia,2021,3850.688773,1.144,0.759,30.79419506,40.20475827,1.56007883,0.704601322,16.06781578,8.256007313358683
Indonesia,2022,4024.912253,1.598,0.791,29.08487553,45.4646702,4.209464637,0.74605047,13.93261433,8.300258389118135
"Iran, Islamic Rep.",1991,3534.653964,-1.956,0.086,34.67487091,44.19417165,17.12856794,2.715178052,18.3469696,8.170370684996136
"Iran, Islamic Rep.",1992,3579.732218,-1.956,0.086,33.01689641,40.39792725,25.80772262,1.977506176,20.63261986,8.183043277155788
"Iran, Islamic Rep.",1993,3514.519666,-1.956,0.086,27.82796039,46.04086432,21.20263075,0.356575348,23.71528053,8.164658142275364
"Iran, Islamic Rep.",1995,3492.17205,-1.814,0.091,24.68889427,35.14424492,49.65598585,1.107245178,14.54695988,8.158279185505227
"Iran, Islamic Rep.",1996,3674.032686,-1.814,0.091,31.46451891,35.22129915,28.93734402,1.080432486,13.56692028,8.209045162305992
"Iran, Islamic Rep.",1999,3725.317458,-1.814,0.215,31.84427349,34.88541413,20.07070781,1.424300182,20.11292076,8.222907350806494
"Iran, Islamic Rep.",2000,3885.301834,-0.335,0.388,31.30545392,41.25724746,14.47675132,1.476195633,20.6338501,8.26495595193316
"Iran, Islamic Rep.",2001,3917.299355,-0.335,0.388,35.79939754,40.53556648,11.27424713,1.543828189,24.42416954,8.273157755305235
"Iran, Islamic Rep.",2002,4198.953561,-0.335,0.388,33.24578326,48.17268655,14.33593374,0.825780986,26.50642967,8.342590621085051
"Iran, Islamic Rep.",2003,4511.43134,-0.335,0.388,32.6580827,50.67910578,16.46801162,1.108388828,22.13546944,8.414369752433675
"Iran, Islamic Rep.",2004,4607.451691,-0.776,0.334,31.23817549,51.31385733,14.7615087,2.139220557,21.52145004,8.435430204627373
"Iran, Islamic Rep.",2005,4650.358415,-0.776,0.238,28.55716877,54.44049526,13.43311801,2.213049509,21.89969063,8.44469957410563
"Iran, Islamic Rep.",2006,4778.793458,-1.079,0.185,27.24709615,53.16735871,10.01589825,2.154440929,19.45677948,8.471943378979212
"Iran, Islamic Rep.",2007,5084.71796,-1.079,0.175,28.342124,49.88730692,17.34104046,1.635088653,20.03128052,8.533994841851003
"Iran, Islamic Rep.",2008,5035.940085,-1.079,0.169,31.92269305,48.22940277,25.41050903,1.214476845,22.38460922,8.524355497754305
"Iran, Islamic Rep.",2009,5023.893144,-1.323,0.14,30.85489639,43.69958022,13.55155483,1.241851061,18.56262016,8.521960438813563
"Iran, Islamic Rep.",2010,5249.061334,-1.444,0.112,27.35283332,43.77064374,10.08936293,1.251673922,19.25691032,8.565804546076393
"Iran, Islamic Rep.",2011,5321.758707,-1.416,0.113,29.05372873,41.21941479,26.29338567,1.235867545,20.15138054,8.579559111727388
"Iran, Islamic Rep.",2012,5058.646378,-1.416,0.113,30.05396543,44.08934668,27.25681272,1.251307434,17.3957901,8.528854212263948
"Iran, Islamic Rep.",2013,4916.972919,-0.966,0.212,27.44560637,47.08671792,36.60303552,1.306905057,21.67350006,8.500448359770171
"Iran, Islamic Rep.",2014,5093.203197,-0.966,0.212,28.5708134,45.35142014,16.60655324,1.343129076,19.66486931,8.535662223398761
"Iran, Islamic Rep.",2015,4952.733555,-0.878,0.247,25.3650139,39.42258866,12.48468156,1.361594788,18.56875038,8.507694936471356
"Iran, Islamic Rep.",2016,5312.61725,-0.878,0.247,23.81604521,39.87724177,7.24542549,1.433485586,19.44543076,8.577839883577356
"Iran, Islamic Rep.",2017,5395.23984,-0.878,0.244,23.97438189,43.15569314,8.044924377,1.438704421,20.30521011,8.593272332681854
"Iran, Islamic Rep.",2018,5127.224954,-0.769,0.239,24.53216427,56.61534961,18.01411834,1.275246569,21.14603996,8.542319847162103
"Iran, Islamic Rep.",2019,4952.456691,-0.769,0.239,25.24461307,48.59177121,39.90734557,1.078317209,21.24452972,8.507639033658144
"Iran, Islamic Rep.",2020,5132.824308,-0.994,0.218,30.25955381,43.88446749,30.59413904,0.768757498,22.66550064,8.543411334037636
"Iran, Islamic Rep.",2022,5465.314475,-1.054,0.17,26.64418701,48.91835082,43.48846417,1.201002859,18.82119942,8.60617694241345
Ireland,1995,28646.81762,2.346,0.962,18.0715462,136.1031244,2.524864468,0.512695055,14.10528755,10.262797638137334
Ireland,1996,30518.40393,2.346,0.962,19.8192153,138.8681185,1.755744696,0.791271347,14.58813763,10.326085188159357
Ireland,1997,33543.9943,2.346,0.962,21.04640572,142.2694422,1.541802023,1.002814735,12.19583988,10.420613118924518
Ireland,1998,36105.91848,2.346,0.962,22.52567405,157.7723682,2.407680945,1.043076836,12.35173607,10.494212077697567
Ireland,1999,39460.47587,2.346,0.962,24.15987572,159.8709748,1.629886052,1.127299556,12.48269558,10.58305483905787
Ireland,2000,42599.48039,2.346,0.962,23.74204838,174.9545181,5.577632699,1.333042666,12.9388895,10.659597334765232
Ireland,2001,44151.1536,2.346,0.962,23.93639095,174.8407111,4.852802796,1.59215149,12.73104668,10.69537433479607
Ireland,2002,45974.4882,2.346,0.962,23.59308667,163.7193294,4.628205128,1.685148857,12.14407253,10.735841917273529
Ireland,2003,46594.86203,2.346,0.962,24.91107206,146.531474,3.492219091,1.628950962,12.57019711,10.749245557168049
Ireland,2004,48856.32386,2.346,0.962,26.95025164,146.5874964,2.178546057,1.828313818,12.50687599,10.796639103749511
Ireland,2005,50547.21237,2.346,0.962,29.82892664,148.1755643,2.456546929,2.178703014,12.43511677,10.830663076933956
Ireland,2006,51656.81949,2.346,0.962,30.98669163,150.0217858,3.93576114,2.696005644,11.95331573,10.852377498552464
Ireland,2007,52849.69484,2.346,0.962,28.70708245,153.3968471,4.885745375,2.890960005,12.13832664,10.875207217204135
Ireland,2008,49461.15943,2.346,0.962,24.84211873,160.0394201,4.035688349,2.038708011,11.32608795,10.808942982571782
Ireland,2009,46466.37943,2.346,0.962,21.16312455,173.5914749,-4.447546869,1.015663276,10.19272709,10.7464843070575
Ireland,2010,46991.64647,2.346,0.962,17.59138556,190.0802728,-0.918388645,0.544884384,7.124444008,10.757725130214665
Ireland,2011,47539.91817,2.346,0.962,16.5650712,186.3048792,2.548978302,0.436072439,11.18788433,10.769325019625366
Ireland,2012,47147.16047,2.477,0.966,19.5031733,190.3556823,1.694741167,0.423743803,11.93187714,10.761029062918308
Ireland,2013,47928.03465,2.477,0.966,18.27556673,199.7425862,0.515099485,0.526556159,11.88006592,10.777455886722938
Ireland,2014,52044.62012,2.477,0.966,20.19171328,211.181602,0.190916399,0.731001377,12.11979389,10.859856708854815
Ireland,2015,64250.13852,2.601,0.969,24.28158498,223.7029383,-0.330959783,0.944845307,11.91810322,11.07053915870845
Ireland,2016,64205.97978,2.601,0.969,34.11093342,239.7085278,0.020124774,1.284054851,12.27432251,11.069851628331168
Ireland,2017,69748.6221,2.601,0.969,32.47545036,233.3040833,0.362173038,1.349798866,12.61267853,11.152652944649773
Ireland,2018,74029.05506,1.701,0.941,27.89889686,222.453716,0.471130714,1.451410795,12.47525311,11.21221293107093
Ireland,2019,76485.63585,2.858,0.974,53.21066286,257.6527729,0.937842961,1.588654096,13.21244431,11.244858235517594
Ireland,2020,80927.93648,2.858,0.974,41.38781126,258.780437,-0.326183651,1.26378913,11.87757587,11.301314364574168
Ireland,2021,92781.23222,2.858,0.974,22.07773191,231.0323509,2.340341134,1.395799666,12.02367306,11.437999659312606
Israel,2000,29413.48946,2.028,0.884,24.1478726,68.34685904,1.03263641,2.642331913,15.8126955,10.289208673268758
Israel,2001,28808.13001,2.028,0.884,23.66843529,62.13958476,1.123028391,2.357117299,15.72921467,10.268412918301033
Israel,2002,28195.86764,2.028,0.884,23.41402238,65.47110541,5.802345895,2.014058394,14.52838516,10.246930708599871
Israel,2003,28092.61763,2.028,0.884,22.29052274,66.88175037,0.707630617,1.805519759,15.25165462,10.243262103011878
Israel,2004,28883.24759,2.028,0.884,21.65208095,74.97319953,-0.421595035,1.767623642,15.32832623,10.271017037861888
Israel,2005,29623.71728,2.028,0.884,22.1384653,78.32426138,1.340703281,1.762897661,14.99004078,10.296330578934622
Israel,2006,30734.96198,2.028,0.884,22.51387023,78.43528897,2.054079146,1.767805874,14.89645195,10.333156112314153
Israel,2007,32103.16286,2.028,0.884,23.28299959,78.8371063,0.466226973,1.776100869,15.34843063,10.376709835728375
Israel,2008,32554.04132,2.028,0.884,22.80480791,75.38092231,4.527447651,1.776579106,15.60746002,10.390656797226303
Israel,2009,32178.57274,2.028,0.884,21.41620074,61.67564796,3.367623173,2.390207338,15.5632906,10.379056067169987
Israel,2010,33344.72133,2.028,0.884,21.49721286,65.63307987,2.702702703,1.82675241,16.42596245,10.414654757856496
Israel,2011,34540.67498,2.028,0.884,22.79918085,68.90943785,3.488372093,1.848077862,16.4476223,10.449892893490041
Israel,2012,34738.6587,2.028,0.884,23.51669964,69.96502508,1.675537158,1.846151321,17.01785851,10.455608429377875
Israel,2013,35489.50866,2.028,0.893,22.63655668,64.13405113,1.589763474,1.866052895,17.26447678,10.476992401081478
Israel,2014,36129.31461,2.028,0.893,22.01985904,61.71335412,0.467557252,1.919543799,17.85599899,10.494859853853807
Israel,2015,36213.10415,2.028,0.893,21.25275759,58.89797192,-0.617342578,1.981288976,18.08325958,10.497176325404093
Israel,2016,37093.78791,2.028,0.893,22.53113838,57.79903169,-0.535168196,1.960348962,18.02661324,10.521204792796611
Israel,2017,37963.04912,2.028,0.893,22.21720814,56.28011425,0.24980784,1.938725674,18.20509529,10.54436857405018
Israel,2018,38729.6426,2.028,0.885,23.4276848,58.74375424,0.80506038,1.926622865,18.12440681,10.56436054447758
Israel,2019,39407.20161,1.801,0.867,23.11477562,56.32534864,0.81764594,1.90898264,18.1259079,10.58170386056313
Israel,2020,37935.54327,1.897,0.895,22.7316272,51.23667379,-0.575254621,1.763679392,15.76302719,10.543643768745154
Israel,2021,40804.96898,1.897,0.895,23.77597714,54.9016842,1.479654747,1.681905517,16.48424721,10.616559141702098
Israel,2022,42516.38881,1.897,0.915,24.90721156,60.64485267,4.411627255,1.966368848,17.53333473,10.657644899639411
Italy,1995,29408.32096,2.242,0.926,19.87011077,45.57950266,5.23542258,0.001588562,8.451828003,10.289032939132852
Italy,1996,29795.65978,2.242,0.926,19.66804149,42.80204905,4.00697669,0.028104408,8.727201462,10.302118016919795
Italy,1997,30353.37782,2.242,0.926,19.64297781,44.4771652,2.043107798,0.05290695,9.021954536,10.320663085846649
Italy,1998,30892.17587,2.242,0.926,19.963938,44.99787427,1.955085577,0.028774016,9.220395088,10.338258222732641
Italy,1999,31405.2609,2.242,0.926,20.37152232,44.52984023,1.66345995,0.016820844,9.38837719,10.354730702448306
Italy,2000,32609.66746,2.242,0.926,21.22575867,50.27473115,2.537685321,0.045303631,9.321593285,10.392364071245936
Italy,2001,33243.59934,2.242,0.926,21.19189246,49.86327232,2.785165427,0.061224157,9.335922241,10.411617526500663
Italy,2002,33267.44745,2.242,0.926,21.81208675,47.87131868,2.465323192,0.197854296,9.507875443,10.412334643796902
Italy,2003,33110.16985,2.242,0.926,21.28423466,45.99408598,2.672555528,0.540420008,9.636210442,10.407595760398264
Italy,2004,33348.97448,2.242,0.926,21.35980209,47.26639239,2.206736614,0.744609563,9.217766762,10.414782300646085
Italy,2005,33407.67547,2.242,0.926,21.67343941,49.12217423,1.985292985,0.583653376,9.408569336,10.416540957054803
Italy,2006,33873.04937,2.242,0.926,21.92424187,52.92354296,2.09084391,0.400079311,9.153533936,10.430374973350595
Italy,2007,34159.91092,2.242,0.926,21.9944756,54.82804156,1.829741122,0.608396959,9.450937271,10.43880804017077
Italy,2008,33550.63408,2.242,0.912,21.56204577,54.2142549,3.347832584,0.771291301,8.963028908,10.42081104177414
Italy,2009,31587.06384,2.242,0.926,20.31595976,45.14147657,0.774768131,0.579748621,8.864780426,10.36050294360745
Italy,2010,31928.55436,2.242,0.926,20.23866452,51.66211181,1.525516021,0.442226157,8.706913948,10.371256009394175
Italy,2011,32039.50325,2.242,0.926,19.90884672,54.47221494,2.780632729,0.346167211,8.25843811,10.374724897004679
Italy,2012,30953.41474,2.242,0.926,18.48239189,54.88449527,3.041363332,0.273513088,8.018429756,10.34023860288296
Italy,2013,30330.02216,2.242,0.891,17.31189808,54.03418463,1.219993423,0.199772918,8.021048546,10.3198933313121
Italy,2014,30325.02878,2.242,0.891,16.83972945,54.45452993,0.24104743,0.01507722,7.942351341,10.319728682863738
Italy,2015,30639.88298,2.242,0.891,17.080918,55.43568581,0.0387904,-0.151143561,7.943844795,10.330057804656635
Italy,2016,31077.67927,2.242,0.891,17.29346519,54.4321467,-0.094016657,-0.190090486,7.862373352,10.344245132131254
Italy,2017,31635.52277,2.242,0.917,17.57946292,57.58299403,1.226533166,-0.188100913,7.917691231,10.362035906495814
Italy,2018,31819.39718,2.242,0.917,17.97220118,59.27498351,1.137487636,0.243703643,8.11164093,10.36783135702345
Italy,2019,32180.4341,2.242,0.917,18.12917903,58.69419026,0.611246944,-0.700011056,8.047363281,10.379113910200571
Italy,2020,29469.79892,2.465,0.928,18.20181641,53.9394839,-0.137707574,-0.487095092,7.493881702,10.291121252498417
Italy,2021,32267.70911,2.465,0.928,20.77052174,60.30197762,1.873783258,-0.515599999,7.437161922,10.381822291202793
Japan,2005,33098.54747,3.113,0.964,25.90104403,26.22995458,-0.282946069,0.009392097,9.327170372,10.407244677320692
Japan,2006,33531.51856,3.113,0.964,26.04468634,30.0163761,0.249355116,0.063373589,9.393992424,10.420241128026142
Japan,2007,33990.03603,3.113,0.964,25.40512686,32.81657805,0.060039454,0.114908848,9.412751198,10.433822702707252
Japan,2008,33557.6454,3.113,0.964,25.29281552,34.12947654,1.380078862,0.048425395,9.127755165,10.42101999721391
Japan,2009,31651.08377,3.113,0.964,23.62429345,24.39016653,-1.35283673,-0.012494631,8.930509567,10.36252766932414
Japan,2010,32942.20208,3.113,0.964,22.61965942,28.49847269,-0.728243208,0.017960542,8.784498215,10.402509852741874
Japan,2011,33011.13423,3.113,0.964,23.3511623,30.19496073,-0.272455616,-0.185226486,8.537052155,10.404600184450821
Japan,2012,33518.44494,3.113,0.964,23.7736493,30.47091092,-0.04406451,-0.159710676,8.504339218,10.419851161515103
Japan,2013,34239.88625,3.113,0.964,24.55652696,33.97876865,0.335037912,-0.144271883,8.463807106,10.44114650811231
Japan,2014,34386.90586,3.113,0.964,25.08454909,37.43143457,2.759226714,-0.132694222,8.534481049,10.445431127293674
Japan,2015,34960.63938,3.113,0.964,24.97145617,35.42740835,0.795279631,-0.106124994,8.374353409,10.461978118503835
Japan,2016,35242.19938,3.113,0.964,24.76068429,31.31024685,-0.127258844,-0.051137415,8.196035385,10.469999489566847
Japan,2017,35861.97285,3.113,0.964,25.00734984,34.42321357,0.484199796,-0.081874296,8.153149605,10.487432760983259
Japan,2018,36138.52908,3.113,0.964,25.26776759,36.6099318,0.989094598,-0.126880068,8.129293442,10.495114862709183
Japan,2019,36043.7844,3.113,0.964,25.54757857,35.21641811,0.468776159,-0.140464978,8.146282196,10.492489711758967
Japan,2020,34642.97187,3.113,0.964,25.47169811,31.33520864,-0.024995834,-0.294194618,7.292897224,10.452850152010217
Japan,2021,35741.16011,3.113,0.964,25.55463765,36.73844623,-0.233352779,-0.459952416,7.410834312,10.484058247895623
Japan,2022,36238.32949,3.113,0.964,26.26177061,46.81298684,2.497702782,-0.443851919,7.521291256,10.497872663343921
Jordan,1987,4213.354798,1.431,0.731,19.61778983,90.78147549,-0.2,4.625130306,9.880080223,8.346014473481787
Jordan,1988,4080.287495,1.431,0.731,21.84627171,108.1247872,6.613226453,4.6607576,9.824379921,8.313922729376488
Jordan,1989,3472.225097,1.431,0.731,22.86126572,130.4473304,25.7127193,4.787586848,13.08642006,8.152550905763986
Jordan,1996,3262.106152,1.267,0.71,29.41607623,131.0591233,6.501218027,3.320045031,21.56406021,8.090128324650253
Jordan,1997,3280.697932,1.267,0.71,25.79175832,120.7371129,3.037884203,2.686609482,18.41102982,8.095811462889195
Jordan,1999,3341.656443,1.267,0.71,23.40999948,104.4703736,0.606256568,2.148591838,14.66425991,8.11422190405061
Jordan,2016,3933.147046,1.038,0.737,20.0397467,88.7207179,-0.778430463,4.723252544,12.15015984,8.27719515947763
Jordan,2017,3940.701992,1.038,0.737,20.14759365,89.73160051,3.323894476,2.2516003,11.19604969,8.279114156979865
Jordan,2018,3928.770268,1.038,0.726,20.39079195,87.63591519,4.462311085,2.204129984,9.825320244,8.276081746991247
Jordan,2019,3919.064269,1.038,0.726,18.36875429,85.6878335,0.761514047,1.983438225,9.949090004,8.27360819740173
Jordan,2021,3874.327141,1.598,0.785,22.1629108,80.33286994,1.346093772,1.834191627,9.720990181,8.26212728567784
Kazakhstan,2000,4269.330168,0.92,0.553,17.3182862,105.6996926,13.18089059,0.292205742,14.69471455,8.359212224596549
Kazakhstan,2001,4822.528628,0.92,0.553,23.73057866,92.84906851,8.354137772,0.479119437,14.67897415,8.481053681102336
Kazakhstan,2002,5267.699032,0.92,0.536,24.02169989,94.03168565,5.836924521,0.519509431,15.12289238,8.569348929871964
Kazakhstan,2003,5724.431992,0.92,0.536,23.04127041,91.46333243,6.438218101,0.577653086,14.50760078,8.652498608129092
Kazakhstan,2004,6233.294394,0.641,0.499,25.08331368,96.4091997,6.88205439,0.650552959,14.81047249,8.737660267203184
Kazakhstan,2010,8704.706555,0.82,0.526,24.32734736,74.1382659,7.400463563,1.29700375,16.93131638,9.071619141697278
Kazakhstan,2011,9223.302134,0.756,0.515,21.46470236,73.11785705,8.452904662,1.352073637,18.1045742,9.129488401454449
Kazakhstan,2012,9531.914776,0.819,0.523,22.80315637,73.72373249,5.19568369,1.39710899,19.25287056,9.162400897347778
Kazakhstan,2013,9959.725869,0.75,0.512,21.88218786,65.40760933,5.942838716,1.436497842,17.96060753,9.206304827007102
Kazakhstan,2014,10226.71005,0.776,0.515,21.55591068,64.97203465,6.84944977,1.468856105,17.32483292,9.2327582089814
Kazakhstan,2015,10196.12263,0.704,0.506,22.88152096,53.04972881,6.678285856,1.492398798,16.81945801,9.229762792689273
Kazakhstan,2016,10151.42331,0.965,0.534,22.71926427,60.31159659,14.36109424,1.533352974,19.60174561,9.22536920222517
Kazakhstan,2017,10404.27186,0.938,0.531,21.69754106,56.82538794,7.442663213,1.55792352,14.34188271,9.249971756561639
Kazakhstan,2018,10670.21201,0.915,0.49,21.17682655,63.52795651,6.163662476,1.494233229,17.90452003,9.275211213826609
Kazakhstan,2019,10989.68407,1.085,0.525,23.46743295,64.85861655,5.333560989,1.45157996,18.96017456,9.304712299941697
Kazakhstan,2020,10565.03598,1.085,0.551,24.71858242,57.02644237,6.718154549,1.408915638,20.16492653,9.265305335628835
Kazakhstan,2021,10873.39153,1.085,0.551,23.03897125,58.66860858,8.04147134,1.333257227,24.0871315,9.294073939730463
Kenya,2020,1609.334141,-0.359,0.525,19.32158166,30.39913878,5.405162079,1.961976337,17.92133331,7.3835757954133125
Kuwait,1985,18264.44449,2.359,0.804,19.79568802,96.41950158,1.490321814,3.960430688,10.0098896,9.812711524860493
Kuwait,1986,19042.37887,2.359,0.804,21.66079526,94.19909807,0.95360674,4.049315459,11.90944004,9.854422241192184
Kuwait,1992,22382.84207,2.143,0.783,19.87471003,94.68806497,-0.545471214,19.04785987,9.935050011,10.016049965313455
Kuwait,2016,29454.44264,1.715,0.726,29.27307081,96.15767238,3.198397767,4.325949068,11.25300694,10.290600031352719
Kuwait,2017,27048.37069,1.715,0.713,27.00853905,97.84004646,2.171832985,3.69493434,11.86198902,10.205382049188811
Kuwait,2018,26706.01917,1.715,0.713,24.73776126,102.7856307,0.543133148,3.980154823,12.15754795,10.192644256059873
Kuwait,2019,26580.22647,1.715,0.713,22.74927154,91.68571239,1.091848027,2.710713324,12.85029984,10.187922852546965
Kuwait,2020,25541.5379,1.715,0.713,20.00064336,82.01251013,2.101729548,-0.951064117,12.43980122,10.148061343122132
Kuwait,2021,26203.26173,1.715,0.697,15.61852851,82.00193946,3.423629476,-0.899478872,12.00275707,10.173639175511964
Kuwait,2022,26579.83216,1.685,0.692,16.09155979,90.9204117,3.98064962,5.113181109,12.26316547,10.187908017725103
Kuwait,2023,24716.19677,1.685,0.713,16.79607286,96.07978816,3.64216403,5.588136781,12.57962227,10.115214047388863
Kyrgyz Republic,2014,1088.582142,1.728,0.607,32.49102807,125.1261811,7.534247298,2.203256496,18.25902748,6.992631341309233
Kyrgyz Republic,2015,1105.651938,1.396,0.574,32.58800333,110.9615707,6.50331839,2.246692574,19.0759449,7.008190429116958
Kyrgyz Republic,2016,1128.316161,1.671,0.607,31.79472602,105.823574,0.388838297,2.215364566,20.66987038,7.028481677360089
Kyrgyz Republic,2017,1157.182758,1.199,0.548,31.46573915,100.6174458,3.175309864,2.104830825,19.67629433,7.05374367323294
Kyrgyz Republic,2018,1175.071278,1.825,0.709,31.65044919,98.8755599,1.542661452,2.15497986,20.14392471,7.069084086866046
Kyrgyz Republic,2019,1201.877014,1.223,0.638,30.00804874,94.43028235,1.133622577,2.242364151,20.06521797,7.091639792056669
Kyrgyz Republic,2020,1093.328565,1.255,0.607,25.93744831,78.99227843,6.325422963,2.048385454,20.81489754,6.996982051420082
Kyrgyz Republic,2021,1132.554678,1.634,0.603,24.13949824,100.2613769,11.90503982,1.835810169,19.71117401,7.032231136986411
Kyrgyz Republic,2022,1212.178127,1.511,0.585,21.47616554,133.786718,13.92290932,1.793654599,20.98124886,7.100174125302252
Lao PDR,2000,917.2280386,-2.172,0.114,13.41565796,68.83730137,25.08464143,1.678985478,7.295569897,6.821356120294087
Lao PDR,2001,954.1235054,-2.172,0.114,13.54360717,65.89943688,7.811807948,1.648398906,9.946570396,6.86079312365599
Lao PDR,2002,994.492242,-2.172,0.106,29.04042318,67.25490285,10.63134463,1.606287149,15.26266003,6.902232297358623
Lao PDR,2004,1088.760347,-2.172,0.106,31.75424351,66.07975162,10.46226673,1.457937448,15.87508011,6.992795031680681
Lao PDR,2005,1148.681539,-2.172,0.106,34.0580868,71.79264627,7.165417599,1.508841189,14.1292696,7.046370075811281
Lao PDR,2006,1228.089276,-2.172,0.109,30.06954104,81.96137542,6.545594391,1.583387985,17.76235962,7.11321480639028
Lao PDR,2007,1301.085975,-2.172,0.109,32.31224303,79.2126289,4.661972695,1.548123525,18.10178947,7.170954560110775
Lao PDR,2008,1381.737542,-2.172,0.109,31.68198579,81.84918209,7.628808876,1.51959405,13.00520992,7.231097074569959
Lao PDR,2009,1463.337967,-2.172,0.109,33.93847055,76.93082622,0.141187675,1.49588633,7.463099957,7.2884753839109
Lao PDR,2010,1564.910683,-2.172,0.109,27.46248774,84.72033789,5.982545216,1.471928721,7.246960163,7.355584029780115
Lao PDR,2011,1666.400862,-2.172,0.109,28.06780252,91.69869587,7.568988561,1.448149498,8.259579659,7.418421407229394
Lao PDR,2012,1774.635852,-2.172,0.109,32.50425528,98.18512643,4.255126778,1.42735442,7.368390083,7.481350527059779
Lao PDR,2013,1890.278613,-1.702,0.134,30.64732204,98.17914662,6.371427178,1.407554774,13.34101009,7.544479511474984
Lao PDR,2014,2006.311954,-1.702,0.134,29.8013514,99.05973829,4.129243069,1.378768427,11.75734997,7.604053466899976
Lao PDR,2015,2121.013391,-1.702,0.134,31.5566516,85.7983217,1.277354271,1.458364749,10.46939659,7.659649268076105
Lao PDR,2016,2234.760987,-1.702,0.148,29.0076541,75.09189092,1.596912276,1.563175613,12.8905077,7.711889560389482
Latvia,1995,4661.668401,2.281,0.921,14.18922836,76.25000127,24.97593553,-1.425810812,16.42104721,8.447128689009354
Latvia,1996,4822.904149,2.281,0.921,18.13566009,92.56182416,17.61046984,-1.126375096,14.6466713,8.481131546141443
Latvia,1997,5317.979976,2.281,0.921,17.56654925,90.92615559,8.447383421,-0.996762289,14.9533186,8.578848806470566
Latvia,1998,5719.989183,2.281,0.921,24.04447829,93.04865759,4.644214227,-0.942918937,16.34699821,8.651722193288139
Latvia,1999,5929.267672,2.281,0.921,22.90116155,82.15055682,2.364818361,-0.813961204,14.89785862,8.687655988918701
Latvia,2000,6336.382967,2.281,0.921,25.19817598,83.61213211,2.654254778,-0.963935407,14.6156311,8.754063374691645
Latvia,2001,6833.435432,2.281,0.921,27.16948129,88.17682782,2.487040036,-1.291486944,16.02700615,8.829582817615062
Latvia,2002,7443.229447,2.281,0.921,24.30129531,85.97720568,1.938875739,-1.161838224,16.2490139,8.915060099104968
Latvia,2003,8149.001836,2.281,0.921,25.37651878,88.58155804,2.942647529,-0.966400801,15.74273014,9.005650724623912
Latvia,2004,8957.233936,2.281,0.921,29.4387766,97.23526558,6.192385472,-1.091312956,16.41742134,9.100216745807463
Latvia,2005,10106.26262,2.281,0.921,32.02972412,104.5171566,6.748450279,-1.080571457,15.23588562,9.220910572056857
Latvia,2006,11507.46483,2.42,0.927,35.32125296,105.6953421,6.536199088,-0.917272957,15.36003494,9.350751219419074
Latvia,2007,12810.04095,2.552,0.939,38.11352164,100.8809109,10.09297758,-0.816175507,15.93549919,9.457984591606982
Latvia,2008,12506.6945,2.666,0.944,33.41812875,95.76816284,15.40231911,-1.050939544,16.40171814,9.43401933992932
Latvia,2009,10675.42517,2.666,0.944,22.91652633,88.8320495,3.534106729,-1.651024968,14.69400215,9.275699665875118
Latvia,2010,10500.86662,2.666,0.95,19.51983223,110.8623539,-1.08463595,-2.08130509,13.419631,9.259213067977864
Latvia,2011,11018.51524,2.666,0.95,23.72497419,129.734758,4.370735599,-1.820767002,14.20993614,9.30733234041723
Latvia,2012,11971.01075,2.666,0.95,27.01157573,133.2115037,2.257789244,-1.240359153,14.74312019,9.390243235254475
Latvia,2013,12353.53861,2.666,0.958,24.96488804,129.6771849,-0.029454778,-1.071034803,14.94031239,9.421697828140571
Latvia,2014,12731.6772,2.666,0.958,23.64421938,130.0422522,0.620490637,-0.941743354,15.18531513,9.451848434640429
Latvia,2015,13321.97531,2.666,0.958,22.30759489,126.3800144,0.174242244,-0.818626341,15.2136879,9.49717022964608
Latvia,2016,13787.33674,2.513,0.935,20.16987878,123.3305184,0.140633335,-0.913885332,14.79797173,9.53150582233118
Latvia,2017,14382.86127,2.351,0.932,21.52656127,128.7140033,2.930363124,-0.886215573,14.9332962,9.573792587142647
Latvia,2018,15120.06982,2.351,0.932,22.90376349,128.2340956,2.534454242,-0.779138396,14.81062126,9.62377826744773
Latvia,2019,15328.38599,2.351,0.951,22.72403955,125.2916317,2.811409201,-0.69523914,15.01828766,9.637461681913413
Latvia,2020,14900.72957,2.351,0.966,23.02961162,123.883198,0.219064905,-0.701211571,13.70331764,9.609165455164362
Latvia,2021,16070.168,2.351,0.966,22.9289576,136.7966154,3.275829374,-0.843294678,12.65317726,9.684719912939514
Lebanon,2009,8375.488513,0.916,0.687,28.04248077,90.39783886,1.195096712,1.349797119,5.502999783,9.033064684902591
Lebanon,2010,8955.543362,0.959,0.687,25.03619096,95.09665294,3.983479419,0.976748359,5.534289837,9.100027989594299
Lebanon,2011,8936.200275,1.02,0.696,25.63542698,102.1398824,4.971485717,1.079823792,5.733809948,9.097865752650977
Lebanon,2012,8920.805698,0.981,0.689,25.29712806,88.54550192,6.581474477,2.704872967,7.109159946,9.096141546382901
Lebanon,2013,8443.538565,1.133,0.71,27.01256804,86.17432859,4.821019563,9.254906493,8.575519562,9.041156760980485
Lebanon,2016,8019.141691,1.599,0.764,22.59222288,67.72361779,-0.783359624,-2.335437494,7.148961544,8.989586674061078
Lebanon,2017,8305.574054,1.202,0.732,21.39405689,68.45542926,4.321352183,-2.610571165,7.147536278,9.024682141151692
Lebanon,2018,8388.723512,1.232,0.734,21.78162765,68.2573073,6.076989079,-2.898842971,8.047454834,9.034643643905254
Lebanon,2019,8064.048734,1.521,0.724,13.55915499,62.98091601,3.005389494,-3.21837129,8.143953323,8.995171033695666
Lebanon,2020,6440.828431,1.496,0.743,8.098176142,50.12980429,84.86433305,-1.603862582,9.898285866,8.770412449179233
Lesotho,2008,971.8813668,0.778,0.714,26.36866221,161.1265906,10.71566613,0.677229463,24.21858025,6.879233746394372
Lesotho,2011,1031.997216,0.868,0.719,28.031808,149.7966067,5.036630521,0.885634152,21.23999977,6.93925124836345
Lesotho,2012,1086.390348,0.868,0.719,35.94741498,150.2085754,6.051436621,1.005106078,17.43000031,6.990615872376158
Lesotho,2013,1093.953235,0.339,0.704,30.99269993,133.3654898,4.865118995,1.082912996,19.30999947,6.9975532352675245
Lesotho,2014,1100.049937,0.339,0.727,29.38948372,126.2924754,5.37028961,1.140322752,18.10000038,7.003110855028765
Lesotho,2015,1121.198513,-0.455,0.498,28.33961471,129.7227731,3.218445137,1.17199707,13.9359951,7.022153493032173
Lesotho,2016,1147.587488,-0.444,0.432,26.63107928,136.3152477,6.596504907,1.218943021,13.99764061,7.0454171812942015
Lesotho,2017,1097.821668,-0.042,0.497,27.38722722,146.3667713,4.447699374,1.24492807,15.5313015,7.001083193578136
Lesotho,2018,1068.444629,0.537,0.665,25.97845662,144.4349555,4.751803016,1.220690194,15.22459126,6.973959252171699
Lesotho,2019,1040.99351,0.293,0.588,25.85149052,140.5166335,5.187083592,1.174698371,13.82598495,6.9479308342055255
Lesotho,2020,944.8341284,0.859,0.728,24.31159488,141.0966051,4.978096763,1.18432063,14.77121544,6.8510093865846935
Lesotho,2021,955.2212363,1.3,0.819,25.67004551,139.1864795,6.04774592,1.148042669,14.38798714,6.861942974698573
Lesotho,2022,967.519286,1.514,0.836,27.07148982,142.3739811,8.271803899,1.080480169,15.5426712,6.874735358555389
Lesotho,2023,974.3824781,1.009,0.749,28.34600576,141.5137559,6.342217431,1.103286783,11.26225662,6.881803914548466
Libya,1999,10643.14528,-1.456,0.103,9.205321827,34.80163011,2.648622523,1.49314341,8.138730049,9.272671328234454
Lithuania,1995,4924.096675,2.861,0.942,20.23511077,84.5445655,39.64762903,-0.769728018,15.24838638,8.501896120539717
Lithuania,1996,5211.100252,2.861,0.942,20.46649762,92.8137967,24.62519539,-0.760343408,14.5829277,8.558546293258027
Lithuania,1997,5685.449015,2.861,0.942,22.26434372,99.64948897,8.881048485,-0.737830358,10.24743271,8.64566538547554
Lithuania,1998,6154.172456,2.861,0.942,23.78051326,89.3653046,5.067553858,-0.724436207,14.19670582,8.724885578888754
Lithuania,1999,6129.99844,2.861,0.942,21.85211516,74.58473574,0.727550627,-0.709489234,16.68835068,8.72094977444409
Lithuania,2000,6384.308654,2.861,0.947,19.10614378,83.19149427,0.981615479,-0.70338544,15.36083031,8.76159848601856
Lithuania,2001,6854.525128,2.861,0.947,20.50139495,93.48713737,1.367120308,-0.824008723,16.48760223,8.83266431578214
Lithuania,2002,7374.097971,2.861,0.947,20.68804514,100.3322295,0.28150661,-0.802765711,17.45901108,8.905728864710714
Lithuania,2003,8218.693363,2.861,0.947,21.5317487,98.09140432,-1.13430855,-0.812278097,17.1585083,9.014166517142515
Lithuania,2004,8851.925989,2.861,0.947,22.80372151,104.0720707,1.164102521,-1.122991275,19.18181992,9.088390340200606
Lithuania,2005,9692.868538,2.861,0.947,23.40315266,117.4496912,2.658484841,-1.628401126,18.2094574,9.179145691829708
Lithuania,2006,10577.21455,2.861,0.947,26.01252755,124.613633,3.739120041,-1.596378318,15.68590641,9.266457395702073
Lithuania,2007,11889.35452,2.861,0.96,28.58253671,116.2958103,5.737173828,-1.187947957,14.13593292,9.383398700574531
Lithuania,2008,12324.51973,2.861,0.96,26.04808308,126.7597078,10.92588562,-1.028483175,15.0595808,9.419346031011692
Lithuania,2009,10612.9204,2.861,0.96,17.83426944,105.0402512,4.453044565,-1.110345754,14.98082829,9.269827443498135
Lithuania,2010,10884.11619,2.861,0.973,17.0850047,131.6265074,1.319213621,-2.09694342,13.969347,9.295059775149353
Lithuania,2011,11836.72004,2.861,0.973,18.79886644,149.6453069,4.130275626,-2.258463899,13.13148403,9.37896184641121
Lithuania,2012,12516.61841,2.861,0.973,17.57791287,156.6389257,3.089982771,-1.295492765,14.98808384,9.43481251312393
Lithuania,2013,13145.80693,2.861,0.946,18.67065137,156.6266379,1.047479371,-0.937390958,14.74607182,9.483858122118988
Lithuania,2014,13753.1896,2.861,0.946,19.10753461,143.2901158,0.103758009,-0.813668566,14.50097752,9.529026047102716
Lithuania,2015,14269.80399,2.861,0.946,19.59724646,138.195575,-0.884097406,-0.894068259,14.43061733,9.565900974567155
Lithuania,2016,14823.10715,2.861,0.975,19.91901691,134.6904497,0.905525075,-1.167306516,13.96282291,9.603942536118915
Lithuania,2017,15695.99933,2.861,0.975,20.1373564,144.9183931,3.722888623,-1.212819702,13.67827892,9.661161139119109
Lithuania,2018,16604.90214,2.861,0.975,20.69208914,147.2021325,2.697927792,-0.82796893,13.31840992,9.71745324038788
Lithuania,2019,17431.72391,2.861,0.975,21.20030992,148.374996,2.33450938,-0.288120401,13.27595139,9.766047038385217
Lithuania,2020,17443.65526,2.861,0.975,21.43371578,135.7965656,1.19989445,-0.02561613,12.17055798,9.76673126609826
Lithuania,2021,18569.70572,2.861,0.951,22.48592626,154.8067277,4.683544209,-0.070798681,12.74449539,9.829286807156027
Luxembourg,1995,74896.09645,2.303,0.961,21.15284281,189.5444459,1.86769425,1.404742464,10.99394131,11.223857051324751
Luxembourg,1996,74916.50739,2.303,0.961,19.83972967,195.6369066,1.183859688,1.361143941,11.13945007,11.22412953761233
Luxembourg,1997,77993.05737,2.303,0.961,20.62700261,212.0887579,1.367512612,1.253502484,10.98373604,11.264375093633351
Luxembourg,1998,82170.23925,2.303,0.961,21.16744906,236.570015,0.95857011,1.243870803,11.40472031,11.316548462567582
Luxembourg,1999,87695.33909,2.303,0.961,23.15958641,239.9224996,1.025196765,1.350621285,11.3774147,11.381624030881838
Luxembourg,2000,92527.71087,2.303,0.961,20.62506061,272.4123268,3.15076707,1.344082996,11.22895527,11.435263455609268
Luxembourg,2001,94243.70684,2.303,0.961,21.87915949,270.7656304,2.663821106,1.190456345,11.55656242,11.453639332152598
Luxembourg,2002,96269.57975,2.303,0.961,21.30267872,250.6891982,2.074086136,1.047660816,11.07296467,11.474907657435798
Luxembourg,2003,97597.99732,2.303,0.961,21.04899756,244.9779461,2.049840306,1.21520088,11.24683952,11.488612252928366
Luxembourg,2004,100292.5669,2.303,0.961,21.24328209,265.2268849,2.225679164,1.421332565,11.24547768,11.515846862529866
Luxembourg,2005,101222.0444,2.303,0.961,19.34779138,284.0774769,2.487696652,1.530054663,11.1862402,11.52507184215351
Luxembourg,2006,105614.1789,2.303,0.961,18.21505429,305.8795475,2.666314946,1.595051918,11.25576782,11.567547911127267
Luxembourg,2007,112417.877,2.303,0.961,18.91763814,307.4850201,2.312458618,1.544386847,11.44878483,11.629978251837633
Luxembourg,2008,110094.7915,2.303,0.961,20.14408357,292.2134808,3.40187963,1.787496632,11.46240902,11.609097014598118
Luxembourg,2009,104574.349,2.303,0.961,18.01924742,263.5327015,0.368041998,1.85177523,11.43537426,11.557653571093796
Luxembourg,2010,106544.0574,2.303,0.961,16.8240878,293.6718769,2.273679116,1.825405804,11.97875595,11.576313863094814
Luxembourg,2011,105290.249,2.303,0.961,19.21325376,308.7144539,3.410683411,2.222660503,12.07392025,11.56447609174496
Luxembourg,2012,104487.7443,2.303,0.961,19.17753161,311.7868352,2.662841655,2.4015419,12.16429424,11.556825064083396
Luxembourg,2013,105338.9555,2.303,0.961,18.45427294,320.5335063,1.734039635,2.311176253,11.37988663,11.564938577476545
Luxembourg,2014,105583.9373,2.303,0.961,19.1517355,333.4288532,0.628543985,2.356978705,11.37362766,11.567261529783051
Luxembourg,2015,105462.0126,2.303,0.961,17.30945547,351.1319744,0.474743161,2.359951181,11.23104382,11.56610609691526
Luxembourg,2016,108351.4518,2.303,0.961,17.2848389,348.4374094,0.290833333,2.155311988,11.16849136,11.593135406044096
Luxembourg,2017,107142.1267,2.303,0.961,17.81132299,353.793992,1.730799591,2.430976418,11.04328918,11.581911518967274
Luxembourg,2018,106788.7287,2.303,0.961,16.15162456,361.8654452,1.528195243,1.928837514,11.10425758,11.578607663422007
Luxembourg,2019,107591.9659,2.303,0.961,18.04838194,382.6607806,1.743320757,1.96284492,11.18255234,11.586101257565273
Luxembourg,2020,105274.2472,2.303,0.961,17.17515094,375.5813964,0.819957302,1.666358674,10.65698624,11.564324102209026
Luxembourg,2021,110873.1852,2.303,0.961,18.14527096,397.5061809,2.526920091,1.518349367,11.00318336,11.616142351495963
Luxembourg,2022,107467.1871,2.303,0.961,16.60136142,412.1771699,6.336008078,2.016667902,10.74243736,11.58494084367671
Madagascar,1981,599.7810477,-0.102,0.449,35.68788596,23.53336564,30.53817743,2.986039278,14.89931011,6.396564668116458
Madagascar,1982,571.2304614,-0.102,0.449,26.3480536,21.37757425,31.78970465,2.958911029,16.53528976,6.347792738384959
Madagascar,1983,559.6611689,-0.102,0.449,25.99914214,19.28969747,19.32833859,2.942093468,16.78964043,6.327331545073511
Madagascar,1984,553.1310099,-0.102,0.449,26.82163614,23.26467082,9.856620954,2.918536551,18.32389069,6.3155948810590985
Madagascar,1985,543.5136847,-0.102,0.449,18.76390559,22.43931957,10.55648396,2.903709173,16.62018013,6.298054885085129
Madagascar,1993,476.1597333,0.804,0.648,37.87512495,32.86588893,10.0083612,3.050253563,12.31729984,6.165753372098669
Madagascar,1997,451.3031994,0.302,0.6,10.1519133,36.87374778,4.486382617,3.255054712,10.64441013,6.112139396105412
Madagascar,1998,453.8861748,0.302,0.6,12.24653094,37.33218701,6.208016087,3.271598133,9.382769585,6.117846450307203
Madagascar,1999,460.03439,0.302,0.6,12.2933453,40.92441202,9.929533993,3.24667519,15.5387001,6.131301247558251
Madagascar,2000,465.5295098,0.463,0.617,11.93054641,42.77712266,11.8596845,3.172972608,15.89050961,6.1431754884779615
Madagascar,2001,478.4056149,0.463,0.617,14.50921734,41.03512609,7.916944845,3.079898477,17.68247032,6.1704589393986495
Madagascar,2002,406.7012221,-1.211,0.413,10.97024314,50.18169194,16.49852553,2.989993505,17.93675995,6.008078817826294
Madagascar,2003,433.6010403,0.256,0.654,13.72456569,34.03060292,-1.704004796,2.93067077,15.76313972,6.072124849338426
Madagascar,2004,443.278655,0.91,0.739,21.15102512,48.77538189,13.9558018,2.916108611,12.96076965,6.094198590354888
Madagascar,2005,450.9552309,0.91,0.743,19.3271127,59.13008494,18.36382465,2.929269371,18.03303909,6.111368068278336
Madagascar,2006,461.5403379,0.91,0.743,20.311268,62.10283894,10.76563716,2.937691079,15.32419014,6.134569456190391
Madagascar,2007,473.7854623,0.91,0.743,26.33136613,66.70273536,10.28796632,2.934949508,18.04454994,6.160754608054284
Madagascar,2008,490.9639354,0.91,0.762,37.7908727,74.35735396,9.296508394,2.935329273,16.25814056,6.1963706737730115
Madagascar,2009,457.7897549,-0.032,0.467,37.15833588,62.4116976,8.954218024,2.936041173,22.58583069,6.126410028281596
Madagascar,2010,447.417143,0.267,0.506,25.88589412,57.87489451,9.247321736,2.909196621,20.4021244,6.103491365264287
Madagascar,2011,441.7551584,0.267,0.506,24.68602481,56.4830926,9.482540486,2.839657144,19.77969933,6.090755788324611
Madagascar,2012,442.6415001,0.084,0.481,23.36572814,52.65171408,5.713844342,2.766263126,22.18053818,6.092760187568388
Madagascar,2013,440.6746589,0.245,0.581,19.75481036,56.36758179,5.826429445,2.7196484,13.98937988,6.088306868265892
Madagascar,2014,443.3438699,0.774,0.721,18.27815069,61.96943221,6.080408111,2.680779482,18.96677017,6.094345698956996
Madagascar,2015,445.3200695,0.774,0.721,18.95947254,61.22037884,7.404191742,2.639484347,16.9629097,6.098793280928041
Madagascar,2016,451.1565943,0.774,0.721,18.97725542,60.83469848,6.035758582,2.613359357,19.5808754,6.1118144949800355
Madagascar,2018,459.3303678,0.774,0.721,21.03202232,67.84150467,8.594229589,2.60334538,19.81801987,6.129769706716293
Madagascar,2019,467.2774135,0.705,0.693,21.24780392,62.60132305,5.610514415,2.601366335,17.95279121,6.146923114491602
Malaysia,1992,4726.137892,1.005,0.708,36.62746712,150.611221,4.7672283,2.647530828,19.10503006,8.460863634638173
Malaysia,1993,5062.591104,1.005,0.708,38.87301532,157.9404625,3.536585366,2.558459024,17.31287956,8.529633707104724
Malaysia,1994,5390.101676,1.005,0.708,40.24536864,179.9049427,3.724970554,2.543532369,19.92374992,8.592319527547016
Malaysia,1995,5771.35212,1.005,0.708,43.58596324,192.1132003,3.450575096,2.541305988,19.50259018,8.660661668271539
Malaysia,1996,6190.464291,1.005,0.708,42.49562531,181.7669825,3.488559459,2.523102985,22.77094078,8.730765369489372
Malaysia,1997,6480.556495,1.005,0.708,43.11432069,185.6651112,2.662514597,2.48740927,20.05298042,8.776561664516967
Malaysia,1999,6070.95622,1.005,0.708,21.89125028,217.5709194,2.744561302,2.385278799,21.18855095,8.711271403771867
Malaysia,2000,6455.614198,1.005,0.708,25.29201658,220.406789,1.534740237,2.344802412,21.39068031,8.772705449490063
Malaysia,2001,6334.927957,1.005,0.708,25.12344751,203.364636,1.416784732,2.403512895,24.34852028,8.753833720472738
Malaysia,2002,6516.906716,1.005,0.708,23.48432856,199.3562327,1.807872463,2.418555471,25.90360069,8.7821551122818
Malaysia,2003,6732.920495,1.005,0.708,22.41426658,194.1951291,1.089676326,2.366245719,24.54244041,8.814764280217728
Malaysia,2004,7025.34558,1.005,0.723,20.95484002,210.3742659,1.421271159,2.311724529,21.01292038,8.857279685874579
Malaysia,2006,7469.810692,1.035,0.724,21.9550122,202.5771468,3.609235642,2.22705351,16.74556923,8.918624935369326
Malaysia,2007,7769.596934,1.137,0.734,22.40418433,192.4655064,2.027353178,2.173504618,16.12466049,8.957973567370082
Malaysia,2008,7976.117854,1.137,0.734,20.57032349,176.6683248,5.440782211,2.095316748,14.03864002,8.984207087610743
Malaysia,2009,7700.461113,1.094,0.73,21.97635711,162.5589705,0.583308406,1.992060212,18.46463013,8.949035490853946
Malaysia,2010,8118.922705,1.094,0.73,22.43539956,157.9447649,1.622852356,1.870406127,18.40623093,9.001952752556013
Malaysia,2011,8400.322487,1.094,0.73,22.18313914,154.9376846,3.174470922,1.751280082,20.97702026,9.036025375404002
Malaysia,2012,8710.526714,1.094,0.73,25.36344842,147.8417548,1.663571025,1.702695132,19.85116005,9.072287540348825
Malaysia,2013,8964.807249,1.122,0.704,26.47705608,142.7209915,2.105012312,1.70946282,19.45430946,9.101061885417689
Malaysia,2014,9341.73056,1.122,0.704,25.97449665,138.3122312,3.142990509,1.714740728,21.39206505,9.142246798856354
Malaysia,2015,9648.679794,1.122,0.704,25.86564353,131.3700724,2.104389802,1.733194456,21.30448341,9.174576376061921
Malaysia,2016,9901.479602,1.122,0.704,25.51778782,126.89901,2.090566595,1.767310548,21.34757042,9.200439479702908
Malaysia,2017,10293.76292,1.368,0.731,25.0629653,133.1551734,3.871201158,1.76466064,21.6478653,9.239293449055703
Malaysia,2018,10610.19502,1.956,0.795,24.2004646,130.4026255,0.884709161,1.701747319,20.70077133,9.269570612211961
Malaysia,2019,10902.98349,1.956,0.795,22.9367865,123.028562,0.662891866,1.596466533,19.13845253,9.296791745443105
Malaysia,2020,10171.46578,2.148,0.826,20.91401628,116.7881824,-1.138702154,1.333633231,15.62187958,9.22734160648413
Malaysia,2021,10388.26671,2.407,0.852,19.28731746,134.0359947,2.477102415,1.152513044,20.46257782,9.248432247270143
Malaysia,2022,11191.65118,2.407,0.852,18.20814497,146.4246048,3.378698625,1.197772001,20.14967918,9.322923348954687
Malaysia,2023,11445.39253,2.407,0.884,19.22740008,132.5934616,2.488865601,1.234028692,17.11417961,9.345342528871493
Maldives,2014,9612.078618,0.193,0.538,26.73091206,165.9792512,2.120001757,3.330089307,12.31742382,9.170775775973972
Maldives,2015,9644.90655,0.428,0.569,33.31664322,143.7205067,0.953206659,3.454251908,12.93944263,9.174185236334882
Maldives,2016,9909.076697,0.428,0.569,39.9583038,144.3802123,0.502509414,3.478184411,11.22386932,9.201206454164176
Maldives,2017,10263.29911,0.277,0.544,41.16657583,141.9121106,2.817473382,3.323083736,11.35420895,9.236329617720681
Maldives,2018,10793.89413,0.611,0.552,47.78211835,142.4911285,-0.133373386,3.18090435,11.38990211,9.286735894903694
Maldives,2019,11194.92537,1.904,0.845,44.05120139,137.1252309,0.220029731,3.045935545,12.05514431,9.323215862641721
Maldives,2020,7295.60221,1.948,0.861,38.81762255,114.3619029,-1.369774256,2.907112747,10.50504112,8.895027008612105
Maldives,2021,9759.221936,1.948,0.861,28.03536262,142.6072967,0.543149689,2.757001874,10.03292656,9.185967956557224
Maldives,2022,10939.99633,1.948,0.879,36.66227634,162.2434329,2.333143376,1.528878337,11.07644463,9.300180740509736
Maldives,2023,11439.53643,1.948,0.897,34.81517681,149.3499762,2.927465424,0.359585189,10.63280487,9.34483074225961
Mali,2000,682.4974205,1.022,0.77,17.81892788,44.66576098,-0.677661659,2.913088742,15.32380962,6.525758747564793
Mali,2001,766.9603432,1.022,0.77,17.58152049,49.32390699,5.187011919,3.007011656,14.49349976,6.642435096249605
Mali,2002,766.073669,1.022,0.77,17.62150892,46.35292274,5.032822757,3.106768618,14.52521038,6.6412783387454475
Mali,2003,814.8084665,1.022,0.77,19.3003705,46.89153467,-1.34672619,3.178940014,18.28376007,6.702953075192137
Mali,2004,800.5018167,1.022,0.77,21.33551874,44.01209864,-3.099781281,3.237946088,17.73634911,6.685238801890784
Mali,2005,794.3733282,1.022,0.77,18.4530017,44.91240851,6.397882939,3.275222992,16.28030014,6.677553537393903
Mali,2008,787.156519,1.022,0.77,21.79318338,53.64301931,9.170988137,3.28621889,18.0316906,6.668427109202372
Mali,2009,803.4867389,1.022,0.77,19.97768485,40.54138158,2.463751886,3.257805694,16.95940971,6.688960680872112
Mali,2010,821.1812866,1.502,0.804,21.07358555,48.81669537,1.108926907,3.248514009,16.50391006,6.710743897013724
Mali,2011,818.399031,1.502,0.804,22.17852847,43.18146991,2.955643952,3.23250831,18.25834084,6.7073500306191205
Mali,2012,786.3234713,1.267,0.773,17.99356965,49.42523562,5.323128471,2.919987285,22.40337944,6.667368248863545
Mali,2013,788.8194482,1.152,0.761,24.81105765,54.60324399,-0.606736356,2.920782575,16.62344933,6.6705374584104495
Mali,2014,813.9756613,1.413,0.788,26.04393721,51.07868219,0.883814547,3.160656917,18.22426033,6.701930465432673
Mali,2015,838.1198694,1.413,0.788,23.75470248,53.57517601,1.450690576,3.12892801,18.15549088,6.731161132495954
Mali,2016,860.7530755,1.413,0.788,25.55927618,53.61261936,-1.799647071,3.167012913,13.90388012,6.757807675259011
Mali,2017,878.5613484,1.008,0.703,24.17024226,49.49199849,1.759857429,3.188236494,16.53433037,6.778285738313577
Mali,2018,892.9783228,1.068,0.708,22.84918108,50.69984625,0.299546507,3.125423237,17.52153015,6.7945623060018
Mali,2019,909.7510697,1.202,0.744,24.04161312,53.99871328,-1.658266948,3.018144943,15.35702991,6.81317101230911
Mali,2020,872.3894268,1.202,0.744,22.18678806,56.04154744,0.43808894,3.017513615,15.1426096,6.771235914584154
Mali,2021,872.3325094,1.325,0.757,23.48693764,56.71505256,3.925602831,3.060357966,16.21821022,6.7711706693449685
Mali,2022,877.8178424,1.268,0.752,21.13727651,61.56132749,9.621476085,3.009425926,18.18999672,6.7774391033177785
Mali,2023,892.3609078,1.664,0.753,20.86464609,57.53326218,2.058802283,2.974005376,19.12176895,6.793870655906366
Malta,1995,12336.79135,2.376,0.957,25.83248768,177.0623736,4.426645503,0.697143007,12.90393066,9.42034124338893
Malta,1996,12719.0152,2.376,0.957,26.07282542,164.0985961,2.054,0.656524534,13.08564281,9.450853412513275
Malta,1997,13286.71705,2.376,0.957,24.00304742,155.659194,3.11207792,0.756792687,13.51136684,9.494520097113563
Malta,1998,13877.2541,2.376,0.957,24.89959617,157.0465088,2.385251354,0.649936279,12.9089756,9.538006383077477
Malta,1999,14446.356,2.376,0.957,22.76040654,165.1709768,2.134768888,0.592860774,12.97274113,9.578197481807077
Malta,2000,17178.37738,2.376,0.957,23.72034539,189.6012193,2.369592875,0.645267231,12.85183048,9.751406742882159
Malta,2001,16920.73097,2.376,0.957,21.37188732,161.3253603,2.929492443,0.751106498,13.60690212,9.736294833763697
Malta,2002,17255.42994,2.376,0.957,17.44559886,162.5240762,2.188490481,0.745506921,14.11975574,9.755882152057385
Malta,2003,17775.42648,2.376,0.957,21.85539529,154.5741617,1.303837774,0.657732334,13.02172661,9.785572247632553
Malta,2004,17728.36598,2.376,0.957,21.14416268,155.8899183,2.790828481,0.671628455,13.06572628,9.782921233512623
Malta,2005,18123.26852,2.376,0.957,22.54368794,157.5484978,3.007966525,0.637436918,12.70633793,9.804951945228567
Malta,2006,18479.21301,2.376,0.957,20.44475364,182.4340556,2.773780065,0.364336947,12.92037773,9.824401758249904
Malta,2007,19342.32529,2.376,0.957,21.97685238,184.8313343,1.249219238,0.348755082,12.70667267,9.870050993941302
Malta,2008,20064.46108,2.376,0.957,20.21575265,185.7495238,4.258621719,0.650655461,12.12988949,9.90670542363112
Malta,2009,19635.91578,2.376,0.957,19.72999611,163.5568484,2.084327461,0.753906931,12.80687046,9.885115606107837
Malta,2010,20750.64795,2.376,0.957,20.82230263,178.2329553,1.515635136,0.491182811,13.55376911,9.940332751677332
Malta,2011,20867.93109,2.376,0.957,17.98916772,192.0273414,2.962985282,0.423700885,13.45122433,9.945968861951668
Malta,2012,21529.39822,2.376,0.957,19.77666692,199.2138651,2.375820578,0.899209212,13.39120579,9.977174639201406
Malta,2013,22626.49814,2.376,0.957,17.29551919,187.4322529,1.180284364,1.132063442,13.61623573,10.026876982508533
Malta,2014,23866.06679,2.376,0.957,16.84004193,181.3011271,0.310306472,2.020595582,13.3270731,10.080212929467544
Malta,2015,25529.68133,2.376,0.957,23.66336826,207.1960199,1.100548264,2.447196925,13.22962189,10.147597027979796
Malta,2016,25969.51204,1.895,0.939,21.31590296,213.3594732,0.642702772,2.288897945,14.11111069,10.16467851510792
Malta,2017,28546.65974,0.243,0.838,18.69792365,213.047591,1.364354482,2.734729798,13.50239944,10.259295211391855
Malta,2018,29536.80524,0.752,0.826,19.11142076,228.0985507,1.157823625,3.532826077,13.8488512,10.293392399932033
Malta,2019,29522.66189,0.752,0.826,20.07687439,233.0704419,1.642060018,4.051717624,14.07578087,10.292913447074595
Malta,2020,27861.82028,1.913,0.912,19.93596056,242.3611907,0.638544957,2.271625497,12.54180145,10.235012581882865
Malta,2021,31436.3493,1.913,0.912,22.32547942,220.1656341,1.497892179,0.5146871,12.65894127,10.355720123388897
Mauritania,2004,1338.667681,1.557,0.666,44.77638431,75.21880468,10.36762335,2.349655154,8.17580986,7.199430130422292
Mauritania,2006,1637.041913,1.982,0.788,36.39660723,82.78850121,6.241033281,2.506582485,10.31007957,7.4006461805864365
Mauritania,2011,1472.552456,1.982,0.79,29.42613335,98.4853296,5.686319596,3.245124735,13.68274975,7.2947525386603305
Mauritania,2012,1488.971776,1.982,0.79,33.23475775,110.7881227,4.902427272,3.264135039,10.01766014,7.305841077501003
Mauritania,2013,1502.901424,1.932,0.651,32.72077394,102.3988242,4.129101738,3.135806546,11.40542984,7.315152801441097
Mauritania,2014,1520.646216,1.932,0.651,37.96432977,91.61037136,3.534368561,3.012189491,11.90512848,7.326890665598286
Mauritania,2015,1554.948979,1.932,0.651,34.30246438,77.34678649,3.254726881,3.006059241,12.84349346,7.349198013142568
Mauritania,2016,1528.051523,1.932,0.651,29.00153987,73.15326167,1.471710457,2.997958425,9.330610275,7.3317486883988225
Mauritania,2019,1605.135236,2.006,0.752,31.24276105,93.48669414,2.300092621,2.953472979,10.22801971,7.380963291204541
Mauritania,2020,1553.306156,1.91,0.684,24.70921404,86.77616813,2.385694885,2.92092559,9.727089882,7.348140942161184
Mauritania,2021,1520.31118,1.657,0.606,28.32760164,88.30687376,3.565164847,2.887033459,9.104820251,7.326670316571499
Mauritania,2022,1576.756241,1.657,0.682,29.78280483,102.0258991,9.525266286,2.929564664,8.454749107,7.363125003677674
Mauritania,2023,1634.898971,1.657,0.776,24.00520779,92.16544451,4.953050345,2.966530792,9.530073166,7.399336289984875
Mauritius,2002,5943.480812,2.681,0.945,21.13840507,118.2304704,6.419333722,0.694240135,15.1021204,8.690050236014693
Mauritius,2003,6250.263705,2.681,0.945,22.19676216,108.6555793,3.921053576,0.723661766,15.88556862,8.740378934640356
Mauritius,2004,6480.136485,2.681,0.945,21.41909886,107.0276983,4.710370601,0.627103982,15.8063879,8.77649685162451
Mauritius,2005,6556.388192,2.681,0.929,21.19447734,121.608744,4.93717005,0.59209966,16.34740639,8.788195149825237
Mauritius,2006,6843.399777,2.681,0.929,22.84124901,124.7822802,8.913501057,0.466403526,15.46792316,8.831039930552484
Mauritius,2007,7202.438539,2.681,0.929,23.62643086,118.6240581,8.827292724,0.455526401,15.08286476,8.882174933635222
Mauritius,2008,7563.031437,2.681,0.929,23.43422496,113.4926639,9.732283171,0.361630847,14.68518829,8.931027372531245
Mauritius,2009,7793.030821,2.681,0.929,25.13745728,102.4580198,2.516091281,0.265537673,16.332798,8.960985128795318
Mauritius,2010,8114.82056,2.681,0.92,23.82172213,111.5082021,2.932363014,0.237886693,15.72728825,9.001447367566199
Mauritius,2011,8432.191293,2.681,0.932,23.13943082,115.552473,6.522492549,0.160140421,15.86886692,9.039811957075042
Mauritius,2012,8702.822429,2.681,0.932,22.27044023,117.4476391,3.852160333,0.277321026,15.94156742,9.071402669157255
Mauritius,2013,8973.515501,2.681,0.918,20.33167522,136.552118,3.543295739,0.242165627,15.60850239,9.102032795887464
Mauritius,2014,9300.078786,2.681,0.918,18.26286781,135.0990648,3.21769192,0.181022098,16.56972885,9.137778150718367
Mauritius,2015,9630.543784,2.681,0.938,16.68351444,133.1350691,1.286549708,0.13240433,16.47094917,9.172694970903018
Mauritius,2016,9995.650286,2.681,0.938,16.53610685,126.310009,0.977675135,0.068708233,16.29546356,9.209905305948682
Mauritius,2017,10379.91387,1.841,0.878,16.58875677,126.9640599,3.666997027,0.090167266,15.80997658,9.247627858997593
Mauritius,2018,10789.92415,1.841,0.903,17.77904743,123.5389844,3.216053831,0.054535454,15.41555214,9.286368028570383
Mauritius,2019,11098.31371,1.841,0.903,18.81455503,127.9408991,0.40565519,0.032233064,14.49410057,9.314548457741697
Mauritius,2020,9483.676026,0.778,0.822,16.90123514,121.1252255,2.580800772,0.00229068,12.52796745,9.157327286542781
Mauritius,2021,9804.003186,0.405,0.736,19.36237483,135.1930046,4.028528882,0.025272988,11.66645622,9.190546069617351
Mauritius,2022,10688.43831,0.882,0.688,19.73623436,147.663795,10.77375122,-0.301401217,12.18731976,9.276917904478971
Mexico,1991,8197.011795,0.34,0.502,18.73102744,35.78653516,22.66235946,1.925793274,12.15458965,9.01152495159307
Mexico,1992,8330.264268,0.34,0.502,19.62259502,35.5534959,15.50789625,1.893863194,15.09570026,9.027650459507607
Mexico,1994,8623.48043,0.34,0.502,21.66626523,29.15847213,6.965812372,1.814950806,21.5629406,9.062244044348699
Mexico,1995,7970.640385,0.7,0.549,16.21363009,43.66583173,34.99927129,1.780232696,24.12129974,8.9835201179918
Mexico,1998,9161.895278,0.7,0.549,21.01535555,48.03188414,15.92839501,1.63934798,16.31761932,9.122808344344254
Mexico,1999,9264.977293,0.7,0.549,20.89902376,48.01224958,16.58561697,1.598928028,16.69396019,9.133996687879975
Mexico,2000,9581.969702,0.898,0.575,21.23036151,49.91040919,9.491561494,1.542725282,19.64612961,9.167638455467708
Mexico,2001,9398.350744,0.898,0.553,19.67343653,44.74010901,6.367738062,1.483030917,20.62428093,9.148289500098501
Mexico,2002,9242.278861,0.898,0.553,19.367931,45.20982926,5.030727332,1.437705268,21.46491051,9.131543764205912
Mexico,2003,9221.996667,0.898,0.553,20.10404131,48.70041688,4.546900121,1.398263628,22.47187042,9.129346851348238
Mexico,2004,9421.28976,0.898,0.553,20.78090723,52.04062003,4.688408848,1.365308315,22.05382919,9.150727275395557
Mexico,2005,9491.517302,0.898,0.553,20.71034971,52.56264465,3.988057146,1.348578958,21.90378952,9.158153763123103
Mexico,2006,9813.828042,0.707,0.485,21.67994818,54.48211609,3.629467624,1.353749207,20.82431984,9.191547694792654
Mexico,2007,9877.695326,0.766,0.527,22.35488185,55.25852439,3.966849055,1.407890584,19.88907051,9.198034496931838
Mexico,2008,9826.342184,0.766,0.527,23.55917396,56.36528189,5.124982746,1.460156328,17.38015938,9.192822036465818
Mexico,2009,9074.118815,0.766,0.527,22.77438581,54.59174213,5.297355842,1.461917205,18.66511917,9.113181554143033
Mexico,2010,9389.067221,0.719,0.497,22.55309716,59.27338453,4.156727227,1.439744726,18.64258957,9.147301229781325
Mexico,2011,9575.934378,0.719,0.497,23.47206879,62.16238728,3.407378246,1.415348839,18.42102051,9.167008394457437
Mexico,2012,9782.517763,0.74,0.501,23.68820734,64.25793189,4.111509811,1.357163279,18.08719063,9.188352169876428
Mexico,2013,9738.710598,0.764,0.504,21.99018578,62.69167477,3.806390697,1.29730808,16.9059906,9.18386400573777
Mexico,2014,9862.481254,0.667,0.482,21.67130707,64.09840904,4.018616081,1.21002703,18.80594063,9.196493064417215
Mexico,2015,10021.23861,0.761,0.517,23.164183,70.41297468,2.72064065,1.069563762,19.01874924,9.212461980771758
Mexico,2016,10100.50212,0.761,0.517,23.72771944,75.69030341,2.821707847,0.969124205,17.93932915,9.220340416445094
Mexico,2017,10193.77272,0.705,0.517,23.22553978,76.95212604,6.04145724,0.935239396,17.57729912,9.229532295183517
Mexico,2018,10296.86909,0.705,0.517,23.04747279,80.21266166,4.899350154,0.946602355,16.57785034,9.239595156164262
Mexico,2020,9234.643623,0.586,0.497,20.10752806,76.85455571,3.396834156,0.820454118,16.19585991,9.130717302067403
Mexico,2021,9728.0568,0.693,0.512,21.30973256,83.06929764,5.689208477,0.667405375,15.88313007,9.182769443004691
Moldova,2002,1547.574212,1.338,0.748,16.32294812,129.8395255,5.301243903,-0.231580062,19.93689156,7.344443959467054
Moldova,2003,1654.366293,1.338,0.748,18.56430356,140.0565299,11.74607921,-0.281602495,20.23857117,7.411173309952782
Moldova,2004,1781.191453,1.338,0.748,21.18771229,132.6990697,12.52427684,-0.247447154,17.06636429,7.4850377749855515
Moldova,2005,1919.445508,1.338,0.748,24.58815468,143.0235685,11.95918372,-0.243318712,19.53495598,7.559791625395012
Moldova,2006,2017.177301,1.338,0.748,28.35834786,137.1547638,12.77775578,-0.277922768,19.97119904,7.609454437412706
Moldova,2007,2082.512601,1.338,0.748,34.10391166,142.720539,12.36716684,-0.231718325,19.07383156,7.641330424923051
Moldova,2008,2249.225897,1.338,0.759,33.99666253,134.4216013,12.78304726,-0.190349156,19.93271446,7.718341390223361
Moldova,2009,2116.943575,1.069,0.652,22.59638675,110.3633269,-0.062718597,-0.126263392,20.74979019,7.657728617496712
Moldova,2010,2269.511161,2.281,0.875,22.52427922,87.9378519,7.483850864,-0.099832974,22.43516922,7.727319739707737
Moldova,2011,2402.944463,2.281,0.875,23.16204598,98.61759653,7.687251034,-0.057836265,21.40068817,7.784450123942136
Moldova,2012,2389.086661,1.939,0.85,23.63391139,96.30640983,4.546334274,-0.013109544,20.84347534,7.778666421678352
Moldova,2013,2605.8503,1.956,0.852,23.03386043,95.68729683,4.597878974,-0.026783769,18.23982048,7.8655143116756285
Moldova,2014,2737.801851,1.068,0.771,25.98955143,94.22829197,5.088785546,-0.06097206,17.5889492,7.914910633251475
Moldova,2015,2749.551371,1.632,0.83,24.02805472,88.96641546,9.676240331,-0.76704956,18.18216896,7.919193039534014
Moldova,2016,2910.954869,1.632,0.83,22.22960275,89.00468372,6.35930898,-1.163022378,17.66042328,7.976236440018433
Moldova,2017,3085.333058,1.387,0.786,22.42560473,88.62339028,6.570229975,-1.727058466,17.75655556,8.034414890965987
Moldova,2018,3267.996104,1.93,0.836,23.34427133,87.44678743,3.045053973,-1.757004421,17.55123901,8.091932263812721
Moldova,2019,3438.677327,1.93,0.836,23.39386987,87.63223711,4.837783514,-1.600316536,18.37224579,8.142842178464031
Moldova,2020,3188.916916,1.93,0.836,24.93836091,79.26572212,3.765971222,-1.098031659,17.17365074,8.067436613362418
Moldova,2021,3688.167294,1.93,0.863,24.08838845,88.47088654,5.10641129,-1.503429523,16.33657837,8.212884945361338
Moldova,2022,3611.954847,2.661,0.935,22.11447315,112.1176716,28.73729768,-2.621107605,15.79878139,8.192004413628176
Mongolia,1993,1418.065607,1.847,0.874,19.66539761,129.7420597,268.1504889,-0.122780958,21.93614578,7.257048973299631
Mongolia,1994,1432.280727,1.847,0.874,17.79896554,99.15729509,87.58000933,1.114484411,17.13533211,7.267023366715394
Mongolia,1995,1499.264952,1.847,0.874,22.8948468,82.10365876,0.043516101,1.610694626,17.08426857,7.312730234985382
Mongolia,1996,1509.329211,1.847,0.874,24.53694255,77.97407569,46.88995215,1.541445168,15.70240211,7.319420599983264
Mongolia,1997,1546.080985,1.847,0.874,23.04012848,99.991449,36.55611489,1.416906996,15.64469242,7.3434786113459
Mongolia,1998,1575.677162,0.91,0.798,29.01599893,107.3512108,9.357042177,1.389193187,25.28805733,7.362440402987225
Mongolia,2000,1598.31282,2.338,0.906,25.20263292,121.8866098,11.59553876,1.327111441,16.70092964,7.376703864364776
Mongolia,2001,1625.461523,2.338,0.906,21.53753236,115.8183269,6.277360205,1.225637215,15.47338581,7.393547068593299
Mongolia,2002,1680.653353,2.338,0.906,22.14658372,118.5172531,0.917074687,1.285303359,17.55442238,7.426937897390307
Mongolia,2010,2611.673266,2.332,0.906,34.48631901,103.3500317,10.04620659,1.749926831,16.81968307,7.867746392985443
Mongolia,2011,3010.816427,2.332,0.906,48.41232992,126.9992286,8.411214953,1.72657779,13.89824867,8.00996655917047
Mongolia,2012,3318.164966,2.332,0.906,45.11627824,109.5885643,14.33033483,1.897952145,15.89128304,8.10716718801959
Mongolia,2016,3817.919627,2.409,0.895,18.66465984,101.0552372,0.733272227,2.027369576,3.597220659,8.247460952990256
Mongolia,2017,3956.204944,2.409,0.895,22.34895977,115.9329019,4.301431053,1.925778838,2.821897984,8.283040497265235
Mongolia,2018,4183.855664,2.409,0.895,26.8454271,126.3558732,6.824247901,1.864801928,20.48334885,8.338988508017788
Mongolia,2019,4337.816709,3.033,0.928,27.98345509,124.3965146,7.301069536,1.837150731,14.07755661,8.375126438073691
Mongolia,2020,4066.034109,3.033,0.922,23.57817824,112.8386476,3.723723061,1.805420087,11.25677681,8.310423382987342
Mongolia,2021,4063.536698,3.033,0.922,26.83534361,119.0980784,7.358946579,1.684959051,9.987043381,8.309808981283277
Morocco,1991,1786.762817,-0.139,0.344,24.94702423,49.77929548,7.986166008,1.722327256,19.89277077,7.488160779433811
Morocco,1993,1680.710449,0.296,0.393,25.55049117,49.66845661,5.18311396,1.582332079,20.46423912,7.426971869315613
Morocco,1995,1705.448242,0.119,0.376,23.95730326,51.71502538,6.123581648,1.521422822,20.47270966,7.441583253699577
Morocco,1998,1931.740479,0.119,0.376,21.78202759,45.67235959,2.753113308,1.48926291,25.21153069,7.566176678109946
Morocco,1999,1935.47876,0.119,0.376,23.62427329,48.57887649,0.684782609,1.457490483,25.76847076,7.568109996048938
Morocco,2008,2648.585693,1.6,0.678,31.26828599,77.83447164,3.714843115,1.338696045,17.47064018,7.88178107575661
Morocco,2009,2710.666504,1.6,0.678,29.07735876,62.37095602,0.971862999,1.332600982,17.29528999,7.904949826070288
Morocco,2012,2927.450439,1.6,0.687,29.95437078,78.2221019,1.287122401,1.335971286,20.74607849,7.981887165866569
Morocco,2014,3051.458984,1.488,0.712,27.01591885,71.89356675,0.442310054,1.227238741,22.06394196,8.023375110635818
Morocco,2015,3146.247803,1.488,0.712,25.86977875,67.28867593,1.557907113,1.170756399,22.23954773,8.053965848157665
Morocco,2016,3124.425049,1.488,0.712,28.68359944,71.12266038,1.635311143,1.194507263,22.25735664,8.04700556092331
Morocco,2017,3242.644287,1.488,0.752,28.1354693,74.17335788,0.754663249,1.200343364,21.64990425,8.084144413889845
Morocco,2018,3304.711914,1.736,0.78,27.85857533,77.25488752,1.803916711,1.103642101,22.44476128,8.103104581769452
Morocco,2019,3364.739502,1.736,0.823,27.19270936,75.99811588,0.303386037,1.030223159,21.46507072,8.121105825114903
Morocco,2020,3090.894287,1.736,0.823,26.22568607,68.84380339,0.705968661,1.025654864,24.15809441,8.036215741288459
Morocco,2021,3309.130859,1.736,0.823,26.28800929,75.52341718,1.40195884,1.006918479,23.75648308,8.104440853528311
Morocco,2022,3334.911621,1.736,0.823,26.61631943,100.9063102,6.657042028,1.008636227,23.86566544,8.112201457548807
Morocco,2023,3421.217041,1.736,0.823,25.075975,93.11788442,6.091141525,1.021951812,22.82551956,8.13775162669504
Namibia,2003,3232.305897,2.521,0.892,19.10707623,95.95247438,7.136153115,1.444252371,20.32821083,8.080951061511312
Namibia,2006,3834.998947,2.521,0.892,21.58094482,86.83396933,4.961166893,1.278592221,21.6029892,8.251924439225048
Namibia,2008,4036.381875,2.521,0.892,24.99147682,119.6444982,9.094643072,1.399846159,24.86161041,8.303103994192817
Namibia,2010,4165.129902,2.521,0.897,24.92297352,108.0724772,4.874919876,1.548414643,26.12351036,8.33450274307016
Namibia,2011,4302.724514,2.521,0.897,22.372552,102.1891478,5.005595181,1.715870727,24.39881134,8.367003708943889
Namibia,2012,4420.967414,2.521,0.897,25.74707288,100.2134088,6.721997773,2.226732583,22.99736977,8.394113823068475
Namibia,2013,4549.267591,2.521,0.897,31.10172904,97.72490423,5.600925023,2.601985898,24.09999084,8.422721529977105
Namibia,2014,4701.956942,2.521,0.897,35.13843332,103.080137,5.350169669,2.612880801,23.95806885,8.455734071678247
Namibia,2015,4774.106509,2.521,0.897,30.98773384,97.23903179,3.394015384,2.652958709,22.57133293,8.470962116871942
Namibia,2016,4648.627135,2.521,0.897,21.82571199,93.96618796,6.728582346,2.697278909,23.93919563,8.444327215204611
Namibia,2017,4476.733244,2.521,0.897,17.93096794,81.2196661,6.145799811,2.735273534,24.67402649,8.406648872816024
Namibia,2018,4400.475377,2.521,0.897,16.86867524,81.7138653,4.291591053,2.772463372,23.32430267,8.3894678542977
Namibia,2019,4243.092745,2.521,0.903,15.75088587,82.90115074,3.722394144,2.799322236,29.05619621,8.353047703318373
Namibia,2020,3787.49944,2.521,0.903,13.66538732,76.9252424,2.209382369,2.910198877,24.94138145,8.239461301962828
Namibia,2021,3809.807534,2.521,0.903,16.02619417,83.54430309,3.616905301,2.953145564,25.13548851,8.24533395083427
Namibia,2022,3905.551353,2.521,0.903,16.71085605,99.26255478,6.081281141,2.776005814,25.32154083,8.270154243856494
Namibia,2023,3977.977799,2.521,0.903,26.09737652,110.770714,5.879934633,2.509478991,24.96954918,8.288528878453146
Nepal,2020,1031.536188,1.044,0.741,30.46922052,40.91887412,5.056358262,1.925831066,11.46237183,6.938804414784913
Nepal,2021,1062.788843,1.044,0.758,29.33583946,43.05380479,4.126767444,1.740024118,12.82202911,6.9686517160887425
Netherlands,1995,33916.50079,2.517,0.977,20.90736656,107.9168081,1.923224572,0.493927373,9.529473305,10.431656923912241
Netherlands,1996,34915.17159,2.517,0.977,21.52736751,108.6646394,2.113787871,0.461395748,10.71472549,10.460676729774718
Netherlands,1997,36211.64929,2.517,0.977,21.65124709,114.2950279,2.109245627,0.514767002,10.72914982,10.497136149637353
Netherlands,1998,37661.73373,2.517,0.977,21.80635651,112.4080955,1.959136323,0.616640531,10.73617744,10.536399837529622
Netherlands,1999,39298.73344,2.517,0.977,22.8662622,114.3277408,2.157179181,0.665493187,11.03942299,10.578947569348198
Netherlands,2000,40665.33817,2.517,0.977,22.52786986,125.6670301,2.360522338,0.714770363,10.98434734,10.613131366562856
Netherlands,2001,41297.31988,2.517,0.977,22.09213962,119.4754639,4.155841272,0.754840058,10.71650505,10.62855288289669
Netherlands,2002,41135.41907,2.517,0.977,21.01447402,112.7500244,3.287531047,0.638291666,11.01909447,10.624624807225866
Netherlands,2003,40981.8477,2.517,0.977,20.5161769,111.3045032,2.09199839,0.471814399,11.39501286,10.620884508624195
Netherlands,2004,41663.14778,2.517,0.977,20.17897824,116.95816,1.263647392,0.347475412,11.72964859,10.63737227076995
Netherlands,2005,42411.34538,2.517,0.977,20.31233616,122.2558495,1.688130179,0.233663148,12.14074039,10.655171185143963
Netherlands,2006,43841.12234,2.517,0.977,20.90956755,127.1956135,1.101501065,0.160613669,11.98544979,10.688327522115369
Netherlands,2007,45445.52287,2.517,0.977,23.1038497,129.7982417,1.613858598,0.217521601,12.04756832,10.72426958804285
Netherlands,2008,46227.21116,2.517,0.977,21.93109463,130.15205,2.486501983,0.389292461,12.05630875,10.741323889832753
Netherlands,2009,44304.41193,2.517,0.977,21.08246466,115.1096604,1.18977687,0.514284545,11.77988052,10.698839543173586
Netherlands,2010,44659.27284,2.517,0.977,19.44008137,130.0817079,1.275305696,0.512923101,11.70473385,10.706817243129931
Netherlands,2011,45239.73189,2.517,0.977,19.93146477,141.7570993,2.341070178,0.466428782,11.68305874,10.719731003819923
Netherlands,2012,44631.87454,2.517,0.977,18.59040581,149.3932231,2.455547653,0.370055035,11.73690891,10.706203558533781
Netherlands,2013,44487.03063,2.517,0.977,18.19921961,150.6518502,2.506898527,0.294820793,11.56219578,10.702952979158688
Netherlands,2014,45042.06695,2.517,0.977,17.38981797,151.7158911,0.97603508,0.359828173,11.7969799,10.715352153190432
Netherlands,2015,45793.81354,2.517,0.977,21.80684378,160.3258126,0.600248147,0.443220089,11.81862545,10.731904285432902
Netherlands,2016,46655.03634,2.517,0.977,19.29419933,150.9655292,0.316666667,0.53217888,12.08791256,10.750536160576832
Netherlands,2017,47670.10573,2.517,0.977,19.75825086,159.6460597,1.381458714,0.591203366,12.07397652,10.772059766153198
Netherlands,2018,48463.02997,2.517,0.977,19.9510208,163.5591466,1.703497947,0.583933409,11.95948124,10.788556517591301
Netherlands,2019,49254.01589,2.517,0.977,20.90755598,160.6766719,2.633699102,0.655071575,11.83492565,10.80474618418966
Netherlands,2020,47086.58042,2.517,0.977,21.27395853,152.2332304,1.272460378,0.55554079,10.94425392,10.75974332263519
Netherlands,2021,49780.84405,2.517,0.977,20.68588413,163.1548427,2.675720088,0.523490508,11.04422665,10.815385531382498
Netherlands,2022,51777.54316,2.517,0.977,20.46869654,184.1074843,10.00120788,0.953278923,11.61712837,10.854711804516663
New Zealand,2009,35370.58519,3.215,0.986,20.36340112,55.01435019,2.115651106,0.999728031,16.5344696,10.47363582687465
New Zealand,2010,35489.76315,3.215,0.986,19.95280983,58.1047406,2.30202386,1.111726056,16.76386833,10.476999571907369
New Zealand,2011,35957.52325,3.215,0.986,20.05439115,59.17241056,4.027906674,0.762479795,14.69141102,10.490093611074512
New Zealand,2012,36607.14939,3.215,0.986,20.91397997,56.9087672,1.059913184,0.548220797,16.63424301,10.507998838837961
New Zealand,2013,37267.6587,3.215,0.986,21.38569993,55.98612411,1.134422664,0.768347998,16.32112694,10.52588117053761
New Zealand,2014,38056.26467,3.215,0.986,22.54103253,55.0986551,1.227507506,1.661012001,16.40551376,10.546820992838827
New Zealand,2015,38665.3723,3.215,0.986,22.91044689,54.85133173,0.292704628,2.036033909,16.62387657,10.562699705860092
New Zealand,2016,39235.36956,3.215,0.986,22.62274201,52.40624781,0.646240284,2.2460321,16.47455215,10.577333903658287
New Zealand,2017,39722.60684,3.215,0.986,22.96856098,54.14329704,1.850787675,2.088722723,16.24468994,10.589675746418418
New Zealand,2018,40371.54563,3.215,0.986,23.51113345,55.76648149,1.598297038,1.791240168,15.80440044,10.605880499713033
New Zealand,2019,40727.88225,3.215,0.986,23.52366254,54.45429718,1.619631902,1.412255386,15.86584187,10.614668204446584
New Zealand,2020,39785.47313,3.215,0.986,23.23350705,43.97724229,1.7145617,2.033387792,14.43650246,10.591257127911339
New Zealand,2021,41490.11482,3.215,0.986,24.61386789,48.54124777,3.941120608,0.240228529,14.28818035,10.633210480736919
New Zealand,2022,42965.27498,3.215,0.986,25.3715793,53.47616277,7.17222476,-0.057051239,13.1385479,10.668147509819942
Nicaragua,2010,1704.37875,1.059,0.786,21.17373414,100.3640584,5.455134259,1.419167896,26.40800095,7.440955953817454
Nicaragua,2014,2006.648696,1.059,0.763,27.33342236,106.6982002,6.035968618,1.371717586,23.04759979,7.604221294112929
Nicaragua,2015,2074.456206,1.059,0.763,29.26353457,98.19416459,3.997379967,1.357676679,22.28290939,7.637454328921023
Nicaragua,2016,2140.144059,1.059,0.763,27.64390686,93.81372781,3.523173176,1.344689006,21.32547951,7.66862842303991
Nicaragua,2017,2209.632734,0.668,0.644,26.76135675,96.38058644,3.850671663,1.331849887,22.43330002,7.7005815969913485
Nicaragua,2018,2107.339626,-1.413,0.156,22.38505991,93.98474049,4.94723728,1.318782078,22.76133347,7.653181590183349
Nicaragua,2020,1950.191812,-1.196,0.124,17.95493077,88.63812312,3.681813416,1.250847412,22.68764687,7.575683011848466
Nicaragua,2021,2128.308814,-1.419,0.11,23.00566143,106.2073908,4.928413969,1.203253758,18.52223587,7.663082959293641
Nicaragua,2022,2175.738991,-1.419,0.11,21.40128936,115.4546787,10.46742445,1.284660102,19.40156937,7.6851236517924075
Nicaragua,2023,2241.122355,-2.118,0.041,21.44981509,105.0030976,8.387658549,1.371678122,17.68857002,7.714732070704064
Niger,1996,409.0393587,0.886,0.726,10.96999887,36.53999764,5.288857513,3.343766454,18.44432068,6.013811382953186
Niger,1999,411.7356992,0.364,0.664,9.349266164,31.37523672,-2.302125038,3.44057933,17.22141075,6.020381636699883
Niger,2000,392.8986169,1.467,0.822,12.89875928,34.7127807,2.900149736,3.467163828,19.05752945,5.973551606324062
Niger,2001,406.9234937,1.467,0.822,12.9187965,33.01366708,4.005514284,3.508786243,16.65031052,6.008625191605785
Niger,2002,412.1237932,1.467,0.822,13.1124813,30.83438575,2.628865979,3.531481024,16.66684914,6.021323773149816
Niger,2003,406.3337575,1.467,0.822,12.97497051,33.38279314,-1.614407692,3.562276923,13.84549999,6.00717488470105
Niger,2006,415.8520221,1.467,0.822,19.02365022,36.53137318,0.04048583,3.657093714,16.88376999,6.030329480873513
Niger,2007,413.4191263,1.467,0.822,18.80510786,35.50280285,0.053959261,3.681108278,17.37597084,6.024461912021655
Niger,2008,429.1955428,1.467,0.848,25.52193999,39.71124405,11.30510988,3.702032448,16.17733002,6.061912625800477
Niger,2009,421.6509013,0.736,0.784,28.42993118,49.5122567,0.582906591,3.717080443,18.91250992,6.04417772357321
Niger,2010,441.0791661,1.756,0.844,31.87047036,51.9459863,0.804073081,3.725350774,19.0896492,6.089224374301949
Niger,2011,434.9862649,1.756,0.844,31.56276892,50.24639516,2.94238514,3.721383032,20.11651993,6.075314455647656
Niger,2012,463.0662655,1.7,0.833,28.80514017,45.08596447,0.45508982,3.773246396,19.19202042,6.137870165875491
Niger,2013,469.6902142,1.742,0.84,29.59487921,46.29514915,2.29723115,3.758372076,18.07670021,6.152073358666459
Niger,2014,482.7452474,1.244,0.818,30.78425958,45.74160084,-0.93028726,3.689280805,21.66150093,6.179489076412933
Niger,2015,485.6625742,1.244,0.818,32.6070143,44.72743037,-0.57609037,3.6964059,18.51218987,6.185514090998798
Niger,2016,495.0174372,1.743,0.86,27.01088078,36.48810922,1.653889224,3.674261375,15.34716034,6.2045929886149125
Niger,2017,501.6153055,1.743,0.864,25.79503298,39.07111174,2.796373189,3.560070448,13.21516037,6.2178335022104445
Niger,2018,519.5469935,1.819,0.854,28.42692229,37.5388484,2.96760366,3.450880505,16.33996964,6.2529572655433885
Niger,2019,532.1860246,1.348,0.814,30.37825492,37.10256643,-2.489792651,3.366548555,13.01280499,6.276993098521984
Niger,2020,533.1943289,1.534,0.832,28.32663504,35.51299066,2.89819376,3.299773916,13.33253956,6.278885952276498
Niger,2021,523.2631795,1.534,0.833,28.53856506,37.01589355,3.837868028,3.254252399,11.95261574,6.260084548777655
Niger,2022,566.797963,1.998,0.87,29.62081076,52.80614843,4.226217919,3.251706422,12.37145138,6.3400029139497995
Niger,2023,557.5726527,1.365,0.722,21.264717,46.47555806,3.700973164,3.294891758,12.80697441,6.3235928135879185
North Macedonia,2002,3240.110645,1.032,0.741,21.29893534,71.53348467,2.314597941,-0.726260079,8.640879631,8.083362757894646
Norway,1995,58380.56847,3.275,0.988,21.43908765,67.29928629,2.460367787,0.51912552,12.13157177,10.97473838177077
Norway,1996,61005.88004,3.275,0.988,21.82242441,70.20163615,1.262532492,0.506881683,11.95293427,11.018725532608196
Norway,1997,63882.4765,3.275,0.988,23.55100145,72.15369653,2.566923359,0.542219936,12.95113373,11.064800369579993
Norway,1998,65197.94631,3.275,0.988,26.50378153,71.62268418,2.2524133,0.595410343,12.66794777,11.085183249105778
Norway,1999,66094.73545,3.275,0.988,23.45192872,69.50672858,2.365967366,0.684759433,12.37508297,11.098844377433434
Norway,2000,67846.59686,3.275,0.988,19.79946088,74.31251872,3.085506091,0.649044821,12.27502251,11.125004507188613
Norway,2001,68899.5269,3.275,0.988,19.49903875,73.15830391,3.00419704,0.506046911,12.35365772,11.140404590505026
Norway,2002,69472.98368,3.275,0.988,19.3890592,67.51701409,1.286725284,0.539290805,12.22255993,11.148693231951336
Norway,2003,69719.31226,3.275,0.988,18.84157023,66.32075094,2.487825535,0.586532692,12.67901802,11.152232635270904
Norway,2004,72090.98629,3.275,0.988,19.58975976,68.67195377,0.454498502,0.59093094,12.44437504,11.185684298675545
Norway,2005,73524.25492,3.275,0.988,20.2992233,70.46945049,1.532133676,0.681072964,12.26065731,11.205370629674828
Norway,2006,74729.7366,3.275,0.988,20.86894027,71.65992995,2.329349808,0.805392739,11.93960381,11.221633372229244
Norway,2007,76115.70668,3.275,0.988,23.4914036,71.94202631,0.712589074,1.034734515,11.63830471,11.240009917822587
Norway,2008,75535.2118,3.275,0.988,22.48545555,74.78527993,3.753930818,1.246333015,11.520504,11.23235420797204
Norway,2009,73141.30733,3.275,0.988,23.1530197,67.46431546,2.197385869,1.261127289,11.64663124,11.200148565894189
Norway,2010,72804.39562,3.275,0.988,20.63783344,68.23951936,2.418906395,1.24566618,11.58888817,11.19553161175762
Norway,2011,72660.67541,3.275,0.988,21.38192816,69.59873363,1.284951588,1.297189391,11.35631466,11.193555601217815
Norway,2012,73661.67858,3.275,0.988,22.3052199,68.49855284,0.696864111,1.313440989,11.28047466,11.207237977955536
Norway,2013,73515.91449,3.275,0.988,23.4320551,67.97279259,2.120486204,1.209141589,11.05029488,11.20525718543653
Norway,2014,74180.32387,3.275,0.988,23.70873205,69.13737722,2.041702867,1.127736677,11.07841969,11.214254217035668
Norway,2015,74809.9658,3.275,0.988,23.68957342,70.43185654,2.171136654,0.995084737,11.09468174,11.222706387708213
Norway,2016,75017.49448,3.275,0.988,25.05851186,69.1168424,3.55,0.880969815,10.96765995,11.225476625050959
Norway,2017,76247.41164,3.275,0.988,24.35633202,69.10878176,1.875100596,0.807673182,11.05323887,11.241738748188572
Norway,2018,76373.64746,3.275,0.988,23.77421342,70.00319579,2.764831345,0.660090844,11.0503912,11.243392987119051
Norway,2019,76712.28712,3.275,0.988,26.62682165,70.89582053,2.167730033,0.675061373,10.87436867,11.24781717165684
Norway,2020,75287.20595,3.275,0.988,27.43655706,65.35397904,1.286584907,0.588757324,10.1225462,11.229065491649513
Norway,2021,77812.71156,3.275,0.988,22.94585644,71.22271378,3.483880553,0.534772282,10.26693344,11.262060084480842
Norway,2022,79620.16355,3.275,0.988,18.37616357,82.60947984,5.764123179,0.898395221,10.12211418,11.285022650684326
Oman,2001,20546.05541,0.948,0.683,18.46078167,84.52700249,-0.816666667,1.223180394,10.5839901,9.930424250647876
Oman,2002,20150.1132,0.948,0.683,20.1461319,83.65374858,-0.279578823,1.158650011,11.06247997,9.910965185225054
Oman,2003,19485.64415,0.948,0.683,23.47188778,84.84663673,0.231328682,1.134084178,10.03896046,9.877433275989532
Oman,2004,19534.86014,0.948,0.683,26.51190924,88.61130713,0.624969063,1.720667111,10.31647015,9.879955848006158
Oman,2005,19629.04515,0.948,0.683,25.19776743,86.76130204,1.909835535,2.260538639,10.05364037,9.884765643703322
Oman,2006,20096.39656,0.948,0.683,26.85464019,86.14570799,3.544985916,2.21104304,11.22463036,9.908295802353482
Oman,2009,22819.19773,0.948,0.683,37.29463796,91.62793533,3.468810238,2.189051537,10.94917965,10.035357466356347
Oman,2013,19299.94005,0.949,0.67,29.9441302,112.5435218,1.053548203,7.775389291,11.08018017,9.867857268670535
Oman,2017,18277.94556,1.245,0.711,33.32164661,88.95314802,1.589094136,3.282429987,15.20722008,9.81345045138368
Oman,2018,18269.67694,1.245,0.711,30.49141655,89.27921783,0.889312371,1.3241396,11.96630955,9.812997966676033
Oman,2019,18089.58667,1.245,0.711,28.95325966,86.47820103,0.490815363,-0.144431732,13.05799961,9.803091729593207
Oman,2020,17743.88588,1.245,0.711,31.5744573,91.8758908,-0.406402919,-1.508608296,15.44277,9.783796278099674
Oman,2022,18792.44606,1.245,0.715,22.94357741,105.7450093,2.506142506,4.980136693,14.17794991,9.841210262753505
Pakistan,1993,1001.258548,-0.845,0.343,19.11228812,38.49931688,9.97366476,2.772505532,7.80284977,6.909013035674466
Pakistan,1994,1009.064295,-0.845,0.343,17.83361102,35.05772371,12.36819439,2.892696578,9.376429558,6.916778739829922
Pakistan,1995,1028.965924,-0.845,0.343,17.03420615,36.13275367,12.34357852,2.890311732,10.31326962,6.936309619639456
Pakistan,1996,1047.886635,-0.845,0.343,17.37707253,38.33012683,10.37380859,2.91068987,10.06898975,6.954530686319974
Pakistan,1997,1028.998048,-0.845,0.292,16.34299876,36.8522661,11.37549289,2.828270348,11.75339985,6.936340838844884
Pakistan,1999,1035.498882,-0.845,0.292,13.9313887,32.31996281,4.142637181,2.721937104,11.30733013,6.9426386011634
Pakistan,2000,1049.542297,-0.845,0.339,14.60067792,21.45996389,4.366664513,2.824759835,8.489879608,6.956109440497176
Pakistan,2004,1146.996328,-1.011,0.287,13.94077071,24.80833485,7.444624693,2.468091176,11.22935009,7.0449019157293025
Pakistan,2005,1201.233594,-1.011,0.287,14.55644379,29.87849406,9.06332737,2.403773504,13.77750969,7.091104302751072
Pakistan,2006,1243.941426,-1.373,0.245,16.57221416,33.04971937,7.921084401,2.382005287,15.28909969,7.126040186981578
Pakistan,2007,1265.355675,-1.617,0.22,15.82593622,30.78788143,7.598684411,2.642031252,15.4455204,7.143108527649772
Pakistan,2008,1258.051889,-1.374,0.248,16.28642261,34.34896081,20.28612109,2.677156931,14.09696007,7.137319683627549
Pakistan,2009,1269.074321,-1.002,0.29,15.86773743,33.32688729,13.64776506,2.541283109,12.08263016,7.146043032587296
Pakistan,2010,1256.694822,-0.727,0.325,14.25155243,31.98900205,12.93887056,2.470817015,11.86466026,7.1362403962975
Pakistan,2011,1261.831619,-0.727,0.325,12.92162752,32.36263828,11.91609271,2.236909403,10.92461014,7.140319610269125
Pakistan,2012,1275.488069,-0.727,0.325,13.45898694,31.31897328,9.682351861,1.906199813,11.04063034,7.151084183559285
Pakistan,2013,1309.700804,-0.698,0.32,13.27238045,30.89027434,7.692156119,1.627224148,11.51397991,7.1775539962162105
Pakistan,2014,1343.307781,-0.6,0.333,13.19755421,29.46982569,7.189384028,1.500324054,11.30066013,7.202890344503617
Pakistan,2015,1380.470208,-0.432,0.368,14.10093055,26.68818602,2.529328173,1.402501136,13.1872797,7.230179450550601
Pakistan,2016,1452.186583,-0.432,0.368,14.23114502,24.70157805,3.765119164,1.302163938,11.44446945,7.2808256878179405
Pakistan,2017,1495.261875,-0.148,0.426,14.62289108,25.472035,4.08537368,1.414099904,12.06324291,7.31005663770888
Pakistan,2018,1561.681698,-0.401,0.372,15.35829084,27.62605708,5.078057259,1.623714833,12.19247913,7.353518531144857
Pakistan,2019,1573.833083,-0.401,0.345,13.78964497,28.90557699,10.57803057,1.691871247,11.59156418,7.361269376975381
Pakistan,2020,1526.005975,0.023,0.461,13.10553999,26.71628073,9.740116193,1.803751413,10.7962122,7.330409127302006
Pakistan,2021,1595.027922,0.023,0.461,12.82469215,27.03042041,9.496415773,1.886777972,7.817207813,7.37464652102183
Pakistan,2022,1642.28067,-0.52,0.311,13.85054259,33.03135348,19.87385996,1.747997398,9.404403687,7.403841207195699
Pakistan,2023,1610.331228,-0.351,0.331,12.25814704,28.46769255,30.76812807,1.548804586,8.343694687,7.384195168495668
Panama,1995,5686.40439,2.501,0.932,23.23344876,146.90538,0.994206983,2.039742559,18.19721031,8.64583340997748
Panama,1996,5799.885584,2.501,0.932,20.14996608,165.6096798,1.255716611,2.022673295,18.15498924,8.665593469443381
Panama,1997,6122.646633,2.501,0.932,20.31608592,174.7138633,1.324351221,2.010706307,17.35391045,8.719749738396613
Panama,1999,6709.722742,2.501,0.932,23.17442257,131.5573972,1.247182569,1.98126957,18.97315025,8.811312908992802
Panama,2000,6856.149188,2.501,0.932,22.39849464,139.1979343,1.498961116,1.964005579,19.8319397,8.832901220250902
Panama,2001,6787.862658,2.501,0.932,16.40462307,135.5843507,0.307062436,1.946407328,16.63912964,8.822891393091087
Panama,2002,6825.177478,2.501,0.932,14.82842867,126.0244827,1.005830904,1.929666203,16.95750046,8.828373623817624
Panama,2003,7037.081649,2.501,0.932,18.80519847,117.2674789,0.391666667,1.913701548,16.34300995,8.858948824712936
Panama,2004,7468.765935,2.501,0.932,18.39187217,124.7617568,0.474723078,1.904990442,14.56826973,8.91848506166813
Panama,2008,10288.15498,2.501,0.932,30.93662627,164.5862864,8.758683177,1.820654032,14.88982964,9.238748510516348
Panama,2011,11761.49884,2.501,0.932,30.57015304,158.2083956,5.875802437,1.774688617,13.01972008,9.372586665712205
Panama,2014,13611.54907,2.501,0.944,40.20424667,114.970605,2.626526999,1.7304638,13.64309025,9.518673907684473
Panama,2015,14082.65484,2.501,0.944,39.23596882,96.57915739,0.137492058,1.730374896,15.22029018,9.55269916591524
Panama,2016,14474.12434,2.501,0.944,38.31598791,84.39597185,0.739734025,1.728668762,15.52565002,9.58011780596538
Panama,2017,15045.54562,2.501,0.944,39.33627348,84.04753721,0.875585919,1.713200689,15.76159954,9.618837254275615
Panama,2018,15375.64349,2.501,0.928,38.67455685,86.13096153,0.761578359,1.673115652,15.58405018,9.640539944807037
Panama,2019,15602.54207,2.501,0.913,37.04657897,80.42865057,-0.355083821,1.590977271,10.09027195,9.655189133167326
Panama,2020,12647.08266,2.501,0.913,23.66522064,68.70042348,-1.550275408,1.37340967,15.78530979,9.445181847795993
Panama,2021,14552.94014,2.501,0.922,27.4342663,80.13346361,1.630703373,1.207238092,15.68488979,9.58554832366361
Panama,2022,15956.06539,2.501,0.936,29.60655887,93.47526882,2.859651288,1.266124235,15.73410034,9.677594311161798
Panama,2023,16877.15084,2.501,0.936,31.91888578,88.34891053,1.486413553,1.309026888,11.92409611,9.733715964803938
Paraguay,1985,3504.478296,-2.621,0.103,19.32134,54.20862358,25.21071644,2.823426938,8.363329887,8.161796942741004
Paraguay,1990,4059.773431,0.392,0.669,16.82327533,91.3083408,37.25995618,2.711143281,7.858059883,8.308882445866198
Paraguay,1998,4402.111101,0.696,0.776,16.64288526,101.6063201,11.55326844,2.178923407,17.08778954,8.389839500523026
Paraguay,1999,4252.490657,0.696,0.776,15.92778569,77.55527569,6.752265861,2.082440881,21.87684059,8.355260127207051
Paraguay,2000,4074.489533,1.445,0.845,15.43961905,78.64472976,8.982159768,1.934600538,21.55938911,8.312500749852815
Paraguay,2001,3972.884279,1.445,0.845,15.61863281,72.60569901,7.268060286,1.68775973,19.87921906,8.287247628534123
Paraguay,2002,3916.440223,1.445,0.845,15.19591919,79.44156565,10.51024209,1.409514774,18.81539917,8.272938413828566
Paraguay,2003,4035.718339,1.445,0.845,17.74617348,81.12736377,14.23679705,1.229888024,20.89402962,8.302939591872752
Paraguay,2004,4151.345848,1.445,0.845,18.30352661,80.10444662,4.32326493,1.1524391,18.21824074,8.331187861373522
Paraguay,2007,4540.382359,1.445,0.845,17.88365847,79.00113742,8.130474177,0.980401605,19.42472076,8.420766507533138
Paraguay,2010,5191.050143,1.563,0.863,21.29161343,81.25752337,4.651162791,1.169858012,18.76240921,8.554691295383735
Paraguay,2011,5342.190157,1.563,0.863,20.94778016,78.49212385,8.253968254,1.327080396,23.29774094,8.583390989629399
Paraguay,2012,5230.262449,1.439,0.854,19.53601451,74.76495746,3.67591898,1.406863616,19.63422966,8.562216737253076
Paraguay,2016,6041.958794,1.65,0.898,19.07961837,67.75931523,4.086822806,1.451046391,18.15431976,8.706483541996185
Paraguay,2020,6109.196081,1.498,0.852,19.88243164,62.76021747,1.767515924,1.35198907,24.52182007,8.717550469204564
Paraguay,2021,6278.110067,1.498,0.852,22.93479084,69.74227302,4.787983101,1.210783579,23.63689995,8.744824269424065
Paraguay,2022,6218.197907,1.096,0.823,22.11971755,73.73790502,9.765566672,1.134768719,24.06851006,8.735235418191964
Paraguay,2023,6449.230288,1.096,0.823,20.64203795,82.40521077,4.632022854,1.23021616,21.98883057,8.771716067475008
Peru,2000,3286.273085,-1.006,0.159,19.67007044,35.53803216,3.757338333,1.560430591,15.25037003,8.097509400743647
Peru,2001,3261.664251,2.442,0.897,17.96665699,35.06440143,1.977098785,1.367646226,14.79623032,8.089992850538389
Peru,2002,3398.749914,2.442,0.897,16.73093191,35.24918133,0.193135004,1.193006558,14.57806015,8.13116297064326
Peru,2003,3502.791657,2.442,0.897,16.92106667,37.62461033,2.259377534,1.065364141,14.65830994,8.161315545836395
Peru,2004,3640.602999,2.442,0.897,16.78855814,41.93607827,3.662473201,0.980296012,15.27385044,8.199904605976773
Peru,2005,3835.132193,2.442,0.897,17.062082,47.35731748,1.616301939,0.889996951,14.27851963,8.25195918335069
Peru,2006,4091.362686,2.442,0.897,17.78613778,51.78505603,2.002258012,0.791526842,14.03530025,8.316633368607487
Peru,2007,4407.791217,2.442,0.897,19.98542352,55.68811328,1.779986447,0.725382869,14.14177036,8.391128985146585
Peru,2008,4778.526422,2.442,0.897,23.42658037,58.43376739,5.785875982,0.657968681,14.37782001,8.471887498041163
Peru,2009,4801.171537,2.342,0.895,22.1386316,48.11192962,2.936231536,0.617089075,14.54763031,8.476615237324028
Peru,2010,5167.392593,2.392,0.896,23.51337863,51.67280894,1.528320597,0.652636898,13.49236965,8.550123506240732
Peru,2011,5453.457187,2.309,0.892,23.3485326,55.98828028,3.369310953,0.746934823,13.54424,8.604005032783292
Peru,2012,5740.043463,2.396,0.896,25.04452592,52.61989526,3.611212949,0.836916934,14.36948967,8.655222061236165
Peru,2013,6021.461428,2.396,0.896,25.30079697,49.78714245,2.767896661,0.901339196,15.22194004,8.703085270967156
Peru,2014,6103.918647,2.396,0.896,24.54051551,46.85312109,3.411945798,0.994129279,16.22751045,8.716686245057652
Peru,2015,6231.711503,2.475,0.918,23.08856814,45.16276869,3.398091947,1.128473819,17.61537933,8.73740629363565
Peru,2016,6392.254749,2.475,0.918,21.44694504,45.3888412,3.557176636,1.333570651,17.93577003,8.762842341001134
Peru,2017,6457.419403,2.475,0.918,20.60759692,47.51355036,2.994900458,1.473365351,18.32115936,8.772985043746152
Peru,2018,6593.144375,2.475,0.918,20.92325188,48.63147017,1.50915423,1.812535772,17.15217972,8.793785657098928
Peru,2019,6626.260835,2.475,0.918,20.97156896,46.94350538,2.252121914,1.714869348,17.73302078,8.798795947463855
Peru,2020,5831.830248,2.029,0.891,19.94147021,44.2459672,2.002412058,1.192504953,15.51476002,8.671086166268992
Peru,2021,6547.847182,2.552,0.92,23.09055985,55.42724937,4.271663815,0.961612354,16.70947075,8.786891600100178
Peru,2022,6667.516956,1.788,0.867,23.28108542,57.29697596,8.333706301,0.959183909,16.47291946,8.80500279913505
Peru,2023,6568.000278,1.548,0.849,21.19392024,50.78518421,6.455613484,1.099753208,18.88845062,8.789964693458694
Philippines,2000,1793.347611,0.039,0.529,19.36918058,85.15336846,3.977125032,2.379265889,15.20676041,7.491839325980191
Philippines,2001,1807.708925,0.039,0.529,18.31175848,84.90038862,5.345501956,2.206045319,13.91590977,7.499815535181654
Philippines,2002,1837.254293,-0.145,0.491,18.34386421,83.84480409,2.722772277,2.027669856,14.06892967,7.516027504050692
Philippines,2003,1892.82162,-0.145,0.491,18.62827792,87.57464436,2.289156627,1.982113551,14.38022041,7.545823915390503
Philippines,2004,1978.344891,-0.145,0.491,18.54460068,87.12528482,4.829210836,1.943267567,12.75084972,7.590015860481593
Philippines,2005,2037.877661,-0.145,0.491,18.1815182,83.84567457,6.516853933,1.859412172,12.42236042,7.61966418303091
Philippines,2006,2110.420448,-0.145,0.491,18.71891305,80.85053867,5.485232068,1.682083808,13.26852989,7.654642471074564
Philippines,2007,2209.346511,-0.145,0.491,18.87398642,73.64497999,2.9,1.734634073,13.66701984,7.700452054404914
Philippines,2008,2264.946291,-0.145,0.507,19.08391685,67.68107077,8.260447036,1.767334664,14.4419899,7.7253063250532055
Philippines,2009,2256.725548,-0.157,0.493,18.61541784,60.88659079,4.219030521,1.801550616,13.21115971,7.72167016906916
Philippines,2014,2776.920059,0.326,0.622,20.86217334,57.46817209,3.597823439,1.642832838,15.51594067,7.929097700072141
Philippines,2015,2909.85818,0.128,0.599,22.23164338,59.14159211,0.674192537,1.478753843,15.14553261,7.975859623582742
Philippines,2016,3076.337419,-0.492,0.434,24.99662392,61.77606577,1.253698801,1.341907095,16.64209557,8.031495018692803
Philippines,2017,3247.450388,-0.423,0.391,25.64292819,68.16836974,2.853187726,1.288301867,19.5904274,8.085625471445766
Philippines,2018,3410.93648,-0.618,0.366,27.283299,72.1633983,5.309346616,1.236860333,18.69201279,8.134742160140297
Philippines,2019,3575.881709,-1.118,0.304,27.15512521,68.84184226,2.392065344,1.216155346,18.16309166,8.181967056607576
Philippines,2020,3198.6669,-1.118,0.304,21.30226206,58.1695603,2.393162393,1.145514086,16.89326477,8.070489408238535
Philippines,2021,3350.975876,-1.118,0.304,22.27927959,63.48460981,3.927180221,0.905660311,16.6816597,8.117006888666335
Philippines,2022,3577.701366,-0.885,0.284,23.34596677,72.42968361,5.821158112,0.760479216,15.69640064,8.182475796639016
Philippines,2023,3744.697638,-0.735,0.3,23.63450558,67.41996932,5.978025155,0.810000999,16.72798347,8.228096155175182
Poland,1995,5671.895737,3.101,0.982,17.63029727,43.5552181,27.95138856,0.135721034,12.37282562,8.643278685990825
Poland,1996,6012.958064,3.101,0.982,19.57801314,45.37673445,19.79496692,0.076074182,12.02123165,8.70167209679273
Poland,1997,6391.131728,3.101,0.982,22.24419698,50.37637864,14.91315861,0.065455369,12.56021595,8.762666640922768
Poland,1998,6684.114778,3.101,0.982,24.00357204,56.54605566,11.59785543,0.035753301,12.09504795,8.80748906162051
Poland,1999,6998.794751,3.101,0.982,24.32446401,53.89801876,7.154072912,-0.008302753,13.1575613,8.853493234784471
Poland,2000,7401.576976,3.101,0.982,23.81274204,60.61072094,9.900175388,-1.044335398,13.12453461,8.90944836135351
Poland,2001,7494.960895,3.101,0.982,20.56576744,57.87853127,5.408335456,-0.027587125,13.41952324,8.921986193044768
Poland,2002,7640.993078,3.101,0.982,18.543252,60.79679906,1.90528215,-0.046318937,13.58518887,8.941282857744788
Poland,2003,7915.554244,3.101,0.982,18.2509197,69.21344798,0.682701376,-0.067492702,13.36188507,8.976584994373933
Poland,2004,8323.387738,3.101,0.982,18.5995675,70.98157657,3.382646819,-0.058512735,13.00038433,9.026824630988031
Poland,2005,8598.576812,3.101,0.982,19.11510501,70.31147909,2.183798724,-0.043948953,13.7390213,9.059351981570375
Poland,2006,9137.658508,3.101,0.982,20.68736462,77.70080354,1.284693944,-0.063370574,13.36202621,9.120159450884321
Poland,2007,9760.70426,3.101,0.982,22.69271836,80.74539906,2.458743124,-0.054305021,13.27208996,9.186119834590775
Poland,2008,10187.20179,3.101,0.982,23.21873748,80.57468156,4.164971935,0.01363738,12.76069355,9.228887484973441
Poland,2009,10446.52891,3.101,0.982,21.6390287,74.96859653,3.795392425,0.067763227,12.0212307,9.254025040492545
Poland,2010,10808.39757,3.101,0.982,19.610377,82.22585232,2.580693703,-0.285609122,12.08153534,9.288078663752536
Poland,2011,11370.31343,3.101,0.982,20.39809839,86.92368928,4.239401496,0.053769709,12.31050396,9.33876115276745
Poland,2012,11542.23534,3.101,0.982,19.42373579,88.82990331,3.560371517,-0.000239,12.48447418,9.353768224943478
Poland,2013,11628.22868,3.101,0.975,18.80101455,90.41750724,0.991982606,-0.060360017,12.33808899,9.361190927808057
Poland,2014,12093.16228,3.101,0.975,19.98479697,92.03401971,0.053821313,-0.074846229,12.39022732,9.400395471028736
Poland,2015,12637.52203,3.101,0.975,20.24106359,92.25542727,-0.874125874,-0.066641101,12.65546703,9.444425606551738
Poland,2016,13026.1859,3.101,0.957,18.34701709,96.86590281,-0.664767331,-0.042985131,12.07192135,9.474716910461597
Poland,2017,13695.64528,2.815,0.946,17.47404394,100.5658952,2.075935537,0.012480099,11.86874104,9.524833198513415
Poland,2018,14551.08503,2.815,0.946,18.75574773,102.4424622,1.812951565,-0.0002,12.02741909,9.585420842327839
Poland,2019,15221.30906,2.455,0.93,19.14561769,101.5810338,2.227478809,-0.024427107,11.98780537,9.63045163691552
Poland,2020,15090.22284,1.674,0.882,18.39749224,99.25909123,3.374469726,-1.191640262,10.60445213,9.621802319048484
Poland,2021,16368.62397,2.034,0.87,16.92793361,110.874283,5.055027047,-1.43414085,11.16927338,9.703121608799119
Portugal,1995,15811.71714,3.052,0.979,23.28152752,59.91447216,4.222816141,0.346203938,13.28746891,9.668506535311462
Portugal,1996,16304.37945,3.052,0.979,23.82378586,60.20980505,3.068977325,0.375996187,13.60825253,9.699189028621516
Portugal,1997,16946.08687,3.052,0.979,25.99736189,62.3049515,2.336862983,0.446460605,14.2910862,9.737792223028759
Portugal,1998,17671.31351,3.052,0.979,27.34822304,63.83089886,2.572752259,0.505389233,14.29668427,9.779697898148045
Portugal,1999,18258.09117,3.052,0.979,27.59113555,63.31432982,2.340094903,0.565630442,15.08859634,9.812363612540098
Portugal,2000,18822.09331,3.052,0.979,28.00305059,67.45299799,2.853030393,0.702859953,14.91084099,9.84278663490299
Portugal,2001,19053.08995,3.052,0.979,27.38158979,65.09195518,4.369903306,0.705230637,14.64780807,9.854984569501246
Portugal,2002,19095.11025,3.052,0.979,25.85710467,62.30825942,3.600346583,0.54766794,15.08705044,9.857187573405714
Portugal,2003,18846.54119,3.052,0.979,23.7604429,61.13894749,3.218990907,0.375411415,14.37635803,9.844084684792895
Portugal,2004,19137.83709,3.052,0.979,23.42406739,63.20459367,2.365362041,0.23912899,14.36906528,9.859422653919239
Portugal,2005,19251.71451,3.052,0.977,23.12657563,62.94450456,2.277163949,0.185532267,14.29343987,9.865355401204384
Portugal,2006,19529.31221,3.052,0.977,22.53285356,68.54705312,3.107665459,0.180332441,14.15326118,9.879671806148693
Portugal,2007,19979.57063,3.052,0.977,22.50962243,69.94611758,2.453965281,0.196304384,13.30881977,9.902465561981641
Portugal,2008,20014.47493,3.052,0.977,22.85223589,72.07574292,2.588506577,0.14419128,13.27291012,9.90421103725793
Portugal,2009,19371.13189,3.052,0.977,21.20159526,61.49269353,-0.835530022,0.095330859,13.020257,9.871539189902858
Portugal,2010,19698.68368,3.052,0.977,20.64803932,67.68924019,1.402572899,0.045910037,12.97275257,9.888307094219527
Portugal,2011,19389.63959,3.052,0.977,18.48411326,73.00757567,3.653011004,-0.147084879,12.24807644,9.872494160647756
Portugal,2012,18679.76268,3.052,0.977,15.8781657,75.94110672,2.773338541,-0.405421788,11.01577759,9.835196007205342
Portugal,2013,18597.72146,3.332,0.975,14.83091768,78.03050569,0.274416667,-0.548815211,10.97400284,9.830794350046753
Portugal,2014,18836.8968,3.332,0.975,15.11074796,80.22066907,-0.278153367,-0.539190467,10.27315998,9.84357282118782
Portugal,2015,19215.7813,3.332,0.981,15.65407321,80.63467563,0.487938624,-0.414141102,10.54351521,9.863487163114282
Portugal,2016,19662.82312,3.332,0.981,15.72672723,79.52234648,0.607397075,-0.315459017,10.64693069,9.886484980543651
Portugal,2017,20364.19627,3.332,0.981,17.08565936,84.80779231,1.368614116,-0.24388941,10.10693264,9.9215335530626
Portugal,2018,20997.7746,3.332,0.981,17.8287896,86.73569549,0.993715683,-0.160104021,10.26432323,9.95217173966162
Portugal,2019,21569.18748,3.332,0.981,18.43282547,86.77098891,0.33817841,0.023733495,10.52925491,9.979021069689008
Portugal,2020,19778.71395,2.345,0.898,19.49629937,76.50864072,-0.01243833,0.105114125,9.607213974,9.89236158536832
Portugal,2021,20747.69907,2.345,0.898,20.50297804,85.87354521,1.265657191,0.626850165,9.709188461,9.940190631317524
Romania,1995,4572.258034,3.171,0.949,21.16127506,56.2912254,32.24248473,-0.202318796,9.8072052,8.427762461204908
Romania,1996,4764.636821,3.171,0.949,22.90278107,60.78136937,38.82930134,-0.288129486,10.92716122,8.46897659513529
Romania,1997,4546.667531,3.171,0.949,21.83560064,63.20524233,154.7634804,-0.287897952,9.130217552,8.422149832831964
Romania,1998,4463.607918,3.171,0.949,18.81149058,53.83879571,59.09658275,-0.206980242,11.38653088,8.403712668214444
Romania,1999,4453.78126,3.171,0.949,18.04815841,57.97367504,45.80378113,-0.156978616,7.997848511,8.401508735699792
Romania,2000,4569.311243,3.171,0.949,19.11983095,48.52132539,45.66659404,-0.12944004,8.139986992,8.427117759838485
Romania,2001,4875.303106,3.171,0.949,21.03970138,51.92859102,34.47701235,-1.395429986,10.6226368,8.49193755708887
Romania,2002,5248.549946,3.171,0.949,21.46370135,53.71024781,22.53988626,-1.830654994,11.44559193,8.565707116673309
Romania,2003,5410.308358,3.171,0.949,22.74012389,56.17952705,15.27348899,-0.721262297,10.62772751,8.5960613679981
Romania,2004,6008.640485,3.171,0.949,22.29530386,60.62647867,11.87436359,-0.569786273,10.75338268,8.700953793121544
Romania,2005,6328.090223,3.171,0.949,23.36294921,59.36054945,9.014912833,-0.617530957,10.89338779,8.752753767089212
Romania,2006,6876.778414,3.171,0.949,26.61614774,61.68362593,6.558514123,-0.59240256,11.61648273,8.835905567483284
Romania,2007,7483.973758,3.171,0.949,35.34257587,63.50515667,4.837329283,-1.477222982,10.27267647,8.92051918097415
Romania,2008,8318.003428,3.171,0.949,37.28706778,65.175201,7.850802557,-1.666382643,11.33913136,9.02617753242107
Romania,2009,7924.870581,3.171,0.949,26.004088,58.47005837,5.587420043,-0.833088755,9.569327354,8.977761268138952
Romania,2010,7660.706676,3.171,0.953,25.67126317,69.95493549,6.091416686,-0.593959184,8.235834122,8.943859513831853
Romania,2011,8044.571949,3.171,0.953,26.7682444,76.27135644,5.789253288,-0.491866213,10.30937481,8.99275285092579
Romania,2012,8234.285534,3.171,0.953,27.00834349,76.59432399,3.334922677,-0.445177936,7.8875112529999996,9.016061879163628
Romania,2013,8287.958441,3.171,0.96,24.40513019,81.39761317,3.984712355,-0.371323063,7.843441963,9.022558950128584
Romania,2014,8661.473973,3.171,0.96,24.612658,83.37514296,1.068309877,-0.374575498,8.429804802,9.066640191807709
Romania,2015,8977.017482,3.171,0.96,24.92218776,83.5205767,-0.594156437,-0.470052228,8.501272202,9.10242297717598
Romania,2016,9286.876782,3.171,0.96,23.03786677,85.89252829,-1.544796668,-0.573660845,9.59609127,9.1363575838943
Romania,2017,10106.22696,3.171,0.947,22.87768755,87.15606457,1.339021211,-0.578007015,8.506187439,9.220907043545452
Romania,2018,10714.17012,3.171,0.954,21.21097211,87.09117011,4.625484431,-0.587493307,9.098635674,9.279322454604936
Romania,2019,11197.31629,3.171,0.965,23.25904508,84.90636306,3.827854326,-0.526814822,10.08858299,9.323429411606169
Romania,2020,10854.04943,3.171,0.954,23.46163078,78.36164636,2.631073112,-0.550759893,8.802904129,9.292293508694424
Romania,2021,11546.3225,3.171,0.956,24.50300392,87.07119655,5.052328761,-0.746036479,8.136800766,9.354122266982051
Russian Federation,2000,5323.666504,0.455,0.525,16.86366886,68.09390704,20.79876066,-0.42061499,8.364312172,8.579917537432818
Russian Federation,2001,5618.955566,0.346,0.51,18.88840427,61.11085866,21.47700721,-0.424090525,8.071194649,8.633901083268153
Russian Federation,2002,5910.171875,0.346,0.483,17.90591385,59.64544573,15.78873079,-0.460024258,8.724930763,8.684430192041567
Russian Federation,2003,6370.453613,-0.016,0.436,18.41502839,59.12826901,13.66329302,-0.453780668,9.495077133,8.759425956862863
Russian Federation,2004,6856.678223,-0.016,0.436,18.38529929,56.5818524,10.88861573,-0.402681471,10.16458607,8.832978379393127
Russian Federation,2005,7323.385254,-0.016,0.436,17.7553986,56.71324849,12.68530395,-0.381452795,11.22151566,8.898827966444175
Russian Federation,2006,7949.896973,-0.129,0.422,18.50340951,54.73340187,9.668654548,-0.32744527,12.15005875,8.980914248193335
Russian Federation,2008,9093.700195,-0.169,0.421,22.29046107,53.38246604,14.11076778,-0.043949259,9.31381321,9.115337166500417
Russian Federation,2009,8381.868164,-0.169,0.431,21.9951347,48.43506103,11.64732958,0.03010706,10.02642918,9.033826099895563
Russian Federation,2010,8755.120117,-0.187,0.427,21.62538431,50.35550549,6.849392303,0.044896488,9.771665573,9.077393964443084
Russian Federation,2011,9120.820313,-0.187,0.423,21.32165552,48.03539941,8.440464859,0.118045544,9.631156921,9.118315025624302
Russian Federation,2012,9464.010742,-0.187,0.407,21.5611849,47.15139039,5.074743008,0.251575708,9.504323006,9.155251540695618
Russian Federation,2013,9601.537109,-0.261,0.423,21.94018828,46.2871494,6.754668339,0.297503474,10.00205421,9.16967848015964
Russian Federation,2014,9493.8125,-0.327,0.404,21.41718335,47.80134126,7.8201697,0.299667432,9.165413857,9.158395549600886
Russian Federation,2015,9277.713867,-0.532,0.386,20.6115488,49.35934931,15.53439599,0.279352078,2.195997238,9.135370444892175
Russian Federation,2016,9269.319336,-0.686,0.356,21.88128167,46.51811984,7.042437254,0.258751057,9.594144821,9.134465229326825
Russian Federation,2017,9418.914063,-0.686,0.356,21.98213912,46.87652434,3.683330723,0.191382529,9.50124836,9.15047508098886
Russian Federation,2018,9674.787109,-0.604,0.347,20.65448572,51.58090037,2.878313826,0.072135617,10.0498724,9.177278513418159
Russian Federation,2019,9882.024414,-0.604,0.347,20.90234042,49.22875366,4.472026318,0.037947214,9.285696983,9.198472669955164
Russian Federation,2020,9632.325195,-1.174,0.266,21.55991978,45.9669082,3.382197969,-0.143202032,8.93504715,9.17287992891805
Rwanda,1999,310.0981302,-0.69,0.273,11.97341392,27.33353642,-2.405932097,0.816180266,17.25066948,5.736888796420375
Rwanda,2000,333.3550901,-0.545,0.308,12.29117235,27.48486383,3.899529803,0.80699171,18.83532906,5.809208258484014
Rwanda,2001,358.4460587,-0.796,0.277,12.78442892,29.19890944,3.342855067,0.886774966,25.31314087,5.8817781848415835
Rwanda,2007,497.1716221,-0.796,0.286,16.28649635,35.9709732,9.080722059,2.660081716,17.78655052,6.208935282585327
Rwanda,2008,538.3253721,-0.796,0.286,20.61752614,37.60451085,15.43821387,2.628376431,15.59150982,6.288463158210563
Rwanda,2010,583.3714164,-0.923,0.258,19.87024129,37.27887909,-0.246128693,2.523651344,17.54805946,6.368824061375603
Rwanda,2011,614.5396501,-0.923,0.271,20.50629936,39.71610248,3.080170692,2.452628735,15.34337997,6.4208734510904835
Rwanda,2012,651.8528187,-0.767,0.289,22.63548032,40.540863,10.27101823,2.393801282,15.81546974,6.479818798253769
Rwanda,2013,666.4087888,-0.767,0.289,23.67988948,42.69349243,5.92426868,2.403400855,16.85963058,6.501903279241056
Rwanda,2014,690.6103949,-0.767,0.296,22.64056772,43.90273369,2.354490528,2.41721474,13.73431969,6.537575836826394
Rwanda,2015,733.9986299,-0.767,0.296,23.96351112,45.20197562,2.528502842,2.393225669,12.5390501,6.59850716199152
Rwanda,2016,759.6062882,-1.828,0.124,27.13637634,49.48490711,7.17434302,2.369978668,12.27838993,6.6328002572082365
Rwanda,2017,771.0692375,-2.208,0.089,22.71367114,53.67526742,8.279536723,2.345567092,11.07960987,6.647778171736282
Rwanda,2018,817.5784373,-1.029,0.17,22.96464069,55.78412637,-0.31121016,2.316307296,10.80461025,6.7063468459363
Rwanda,2019,874.6396589,-1.029,0.236,26.91243138,57.97566286,3.34787655,2.280860997,10.99814606,6.773811983137129
Rwanda,2020,826.3913077,-1.877,0.112,25.33057243,55.18795155,9.850399023,2.242448834,10.78352451,6.717068399478088
Rwanda,2021,896.2710336,-1.877,0.112,26.62315234,54.29383185,-0.391346748,2.190935352,15.53223991,6.798242860090333
Rwanda,2022,948.4136869,-1.406,0.19,24.56540008,61.1450795,17.68920956,2.190466192,12.76613998,6.854790785656075
Rwanda,2023,1004.332167,-1.406,0.19,26.66361278,64.90690414,19.78954675,2.198498205,14.77087021,6.912078089160488
Saudi Arabia,1991,26742.68226,-0.342,0.314,20.29177505,74.69929884,4.861111111,4.771719598,14.71302032,10.194016154525857
Saudi Arabia,1992,26709.03282,-0.342,0.314,20.24858101,75.09203458,-0.077006006,4.604676806,14.72169018,10.192757095040307
Saudi Arabia,1993,25649.06447,-0.342,0.314,21.85374474,67.80697439,1.055795314,4.428588174,14.57367039,10.15226237702928
Saudi Arabia,1994,24808.65289,-0.342,0.314,18.37149122,60.07131146,0.564325479,4.279913766,16.81303024,10.11894777815407
Saudi Arabia,1995,23876.24613,-0.342,0.314,19.24592973,65.04172721,4.868431031,4.142065263,16.84456062,10.080639357913578
Saudi Arabia,1996,23699.13522,-0.342,0.314,17.30891245,66.65382007,1.222060549,3.995803887,15.25230026,10.073193837849901
Saudi Arabia,1997,23406.03466,-0.342,0.314,17.57602963,65.18806694,0.057150605,3.85735211,12.29582024,10.0607491595505
Saudi Arabia,1998,23179.85812,-0.342,0.314,20.52277583,56.08839261,-0.371266752,3.736241032,23.9824295,10.051038996081223
Saudi Arabia,1999,22214.42564,-0.342,0.314,19.49017131,57.84604882,-1.333754897,3.618775439,23.32939911,10.008497160433027
Saudi Arabia,2000,22247.8567,-0.342,0.314,17.35293331,68.1664488,-1.124998385,4.459832445,17.83658981,10.01000095486465
Saudi Arabia,2001,21193.09229,-0.709,0.271,18.26098164,63.56058368,-1.120948049,5.201039099,20.89613914,9.961430572186865
Saudi Arabia,2002,20025.432,-0.709,0.271,18.01153832,64.59279741,0.247186492,4.976452278,21.29412079,9.904758344737573
Saudi Arabia,2003,20765.93877,-0.709,0.271,18.29999296,69.83117071,0.612195358,4.774271463,21.45521927,9.941069364289275
Saudi Arabia,2004,21545.89499,-0.709,0.271,19.15647291,75.08283666,0.515507898,4.591545684,20.18865967,9.97794058968379
Saudi Arabia,2005,21838.19153,-0.709,0.271,19.31236599,81.95407594,0.479231672,4.427389452,19.29228973,9.991415621027354
Saudi Arabia,2006,21616.33558,-0.709,0.271,20.45213182,89.94460468,2.209023141,4.280875786,21.60387039,9.981204584690873
Saudi Arabia,2008,21629.84057,-0.794,0.264,22.80373151,96.10263087,9.870248168,4.028756558,19.25741959,9.981829148138617
Senegal,1998,995.9790857,1.648,0.739,18.74498021,48.09867482,1.156780704,2.33643949,18.73254013,6.903726259070958
Senegal,1999,1033.763965,1.648,0.739,18.288025,49.48526217,0.827250608,2.370256622,16.82036018,6.940961755315579
Senegal,2000,1048.374741,1.648,0.739,19.22532556,48.68008972,0.731981982,2.410099177,17.61849022,6.954996378255541
Senegal,2001,1067.368866,1.648,0.826,18.95422172,49.72057806,2.974500839,2.424969437,15.72974014,6.972951895402497
Senegal,2002,1042.255099,1.648,0.826,20.43210366,53.14429946,2.337301875,2.449661536,16.72192001,6.94914200904925
Senegal,2003,1074.385785,1.648,0.826,17.41022765,50.82121989,-0.051997024,2.406849622,16.11750984,6.979504414481145
Senegal,2004,1098.200645,1.648,0.826,17.49768951,53.65920313,0.514781781,2.346325157,16.96224976,7.001428342169313
Senegal,2005,1119.050531,1.648,0.826,18.29401751,54.90324357,1.711333259,2.339181364,21.77096939,7.020235864575654
Senegal,2006,1118.783043,1.648,0.826,21.21406104,54.13623781,2.112285839,2.327929292,17.95463943,7.019996804795355
Senegal,2008,1138.668839,1.648,0.826,22.58270964,62.76176982,7.347202366,2.339511847,19.22613907,7.037615174025416
Senegal,2009,1142.653172,1.648,0.826,19.89218173,52.30729088,-2.248021479,2.36561416,23.30044937,7.041108181178191
Senegal,2010,1153.534311,1.509,0.83,18.51659371,52.4578552,1.228681197,2.386901953,2.51060009,7.050585822294968
Senegal,2011,1139.744479,1.509,0.83,21.01603684,57.5768786,3.403228298,2.527915199,21.08696938,7.038559375037072
Senegal,2012,1154.05678,1.509,0.83,20.70243272,61.975304,1.418228712,2.677024252,20.79524994,7.051038648630592
Senegal,2013,1147.385922,1.509,0.83,22.16891755,60.62676636,0.710245487,2.963459546,25.74234962,7.045241522613678
Senegal,2014,1180.798711,1.509,0.83,23.47965057,58.44252898,-1.090255074,3.167574703,24.80130959,7.073946362212821
Senegal,2015,1218.006136,1.509,0.872,23.01733334,58.11033767,0.135211934,3.070147924,23.77827072,7.1049704860239835
Senegal,2016,1257.409069,1.231,0.82,23.92812412,54.10816921,0.837284943,2.97843134,21.33736992,7.136808588424939
Senegal,2017,1312.109328,2.026,0.881,25.82566178,57.70527985,1.318153148,2.887699087,21.10169029,7.179391295300636
Senegal,2018,1355.096109,2.285,0.887,28.32181083,61.78983948,0.460985642,2.800456986,22.65928078,7.211627659949739
Senegal,2019,1379.608752,2.008,0.869,29.65635622,64.23625061,1.760111512,2.717607931,20.81336975,7.229555224910351
Senegal,2020,1361.791437,1.837,0.871,30.45317726,60.04687161,2.543146857,2.633035725,21.43679047,7.2165563450279215
Senegal,2021,1414.539511,1.837,0.885,33.96870177,69.37599399,2.180322781,2.538489194,21.71729088,7.254559323189966
Senegal,2022,1433.199188,1.837,0.885,34.707082,79.59982165,9.696818991,2.467642818,22.47999001,7.267664418866307
Senegal,2023,1458.966423,1.553,0.781,35.38516626,71.39302491,5.939477988,2.387383488,22.54717064,7.285483534549947
Serbia,2007,5431.278874,2.811,0.964,23.60012476,72.71658758,6.391706444,-0.405458542,9.976639748,8.599929905271146
Serbia,2009,5578.011974,2.811,0.964,18.59809569,63.50172262,8.116950922,-0.400994905,10.48217964,8.626587714832674
Serbia,2011,5737.001202,2.811,0.964,17.32490429,75.74936131,11.13739763,-0.756021912,10.1795702,8.654691914119018
Serbia,2016,6024.957547,1.757,0.927,16.99327253,97.69069404,1.122313974,-0.523694463,8.692990303,8.703665712192953
Serbia,2017,6200.261186,1.619,0.89,17.77711528,102.7404452,3.131062486,-0.532191341,9.25646019,8.732346696920068
Serbia,2018,6524.080298,0.792,0.818,19.9497038,105.563713,1.959840763,-0.546351969,8.804280281,8.783255271758355
Serbia,2019,6870.758109,1.103,0.852,22.2768602,107.5773095,1.849229845,-0.536610018,8.604599953,8.835029729783232
Serbia,2021,7465.676011,1.526,0.882,23.05128905,112.3422983,4.085102853,-0.94368817,7.086689949,8.918071263274422
Serbia,2022,7862.953874,1.921,0.907,23.91106316,131.9132923,11.98151173,-2.517057567,7.449689865,8.969917625765484
Seychelles,1993,9981.244604,1.071,0.788,26.33348511,57.89189645,1.383647799,2.083758339,13.04227257,9.208463071349525
Seychelles,1994,9481.880527,1.071,0.788,26.29279734,50.07234409,1.736972705,2.665768473,14.51844025,9.157137943403775
Seychelles,1995,9388.819677,1.071,0.788,30.0083494,53.39257771,-0.243902439,1.47017209,12.1974144,9.147274864301401
Seychelles,1996,10177.09047,1.071,0.788,39.79035771,98.05534346,-1.100244499,1.467193026,9.644194603,9.227894440805558
Seychelles,1997,11284.84598,1.071,0.788,27.77503544,76.64718702,0.618046972,1.173453648,9.191504478,9.331216040952915
Seychelles,1998,11339.34813,1.071,0.788,33.87292453,78.97394929,2.57985258,1.95568619,8.772676468,9.336034091502484
Seychelles,1999,11326.93861,1.071,0.788,41.24859903,88.36432792,6.347305389,1.964196367,7.03937006,9.334939115392613
Seychelles,2000,11703.75352,1.071,0.788,24.91839395,151.3024478,6.268768769,0.892658567,7.282387733,9.367664883011358
Seychelles,2006,12105.44753,1.071,0.788,30.32222386,177.5669355,-0.353465499,2.080596735,9.058914185,9.401410839362036
Seychelles,2007,13112.82101,1.071,0.788,29.22442943,174.9284628,5.320600273,0.510514983,11.15025711,9.481345733625101
Seychelles,2008,12473.29218,1.071,0.796,27.643034,208.8429685,36.96475829,2.236282715,8.331588745,9.431345011849343
Seychelles,2010,12313.55669,1.139,0.817,37.03142382,198.1626924,-2.404638751,2.792329069,10.86438465,9.418456104335872
Seychelles,2011,13843.71161,1.139,0.817,34.81624936,210.0753827,2.559267722,-2.628656355,12.58140182,9.535586373131151
Seychelles,2012,14135.00106,1.139,0.817,37.72992035,222.1782549,7.110370623,0.98098019,13.03441429,9.556409345118844
Seychelles,2013,14050.31356,1.139,0.817,38.56690571,196.5177333,4.338938483,1.846876093,14.00267601,9.550399991950584
Seychelles,2014,14395.61581,1.249,0.829,29.05489887,213.3544694,1.385834546,1.555395709,12.84955215,9.574678981568567
Seychelles,2015,15333.10517,1.249,0.818,26.87951537,187.4750125,4.041944107,2.229795053,12.58698082,9.637769506475019
Seychelles,2016,16962.6754,1.477,0.844,25.13473942,180.8661884,-1.015481917,1.33763478,12.00679779,9.738770644546552
Seychelles,2018,18628.18623,1.477,0.867,21.98698662,185.7075372,3.702918391,0.954291918,11.82717609,9.832431101368163
Seychelles,2019,19481.64611,1.477,0.867,22.08559453,173.4078469,1.807094008,0.887925293,6.105577469,9.87722807619312
Seychelles,2020,17048.36173,1.592,0.902,21.3213199,153.4833316,1.20266464,0.853707878,6.68331337,9.743809391878077
Sierra Leone,2007,872.6883623,1.373,0.777,9.958864936,21.80679927,11.64997445,2.196114256,19.75021935,6.771578518799039
Sierra Leone,2008,882.5414782,1.373,0.777,10.17429524,21.25661556,8.211124323,2.497022146,14.93089962,6.78280578849615
Sierra Leone,2009,872.2395935,1.373,0.777,11.0063444,23.0753396,7.469018985,2.693368573,15.89645958,6.771064149356561
Sierra Leone,2010,902.7698914,1.429,0.805,34.23296978,27.95412592,7.185662757,2.721508599,12.80190754,6.805467694143562
Sierra Leone,2011,950.7607631,1.429,0.805,46.33157096,43.78079693,6.79138292,2.609782639,12.41145706,6.8572624673858895
Sierra Leone,2012,1025.04366,1.429,0.805,29.20174272,53.38134471,6.587762394,2.532594917,14.12596321,6.932490485787313
Sierra Leone,2013,1146.819735,1.14,0.752,17.46268101,53.36276461,5.52412878,2.457257305,15.20230579,7.044747942615942
Sierra Leone,2014,1032.237894,1.14,0.752,15.76382629,51.11877728,4.639311714,2.389058321,15.09173679,6.939484436918305
Sierra Leone,2016,1002.778623,1.14,0.752,17.42494729,43.0672127,10.88606094,2.354573427,12.47358036,6.910530048745393
Sierra Leone,2017,1010.546941,1.077,0.776,18.89791923,41.52137823,18.2215094,2.385789529,19.89410019,6.918246989005727
Sierra Leone,2018,1015.66783,1.32,0.803,15.38624241,37.37746041,16.02954477,2.347310391,32.72782898,6.92330163570585
Sierra Leone,2019,1046.967781,1.347,0.781,17.39699119,37.56195303,14.80499909,2.321464579,35.00582886,6.953653437713189
Sierra Leone,2020,1010.252946,1.059,0.78,15.5145715,30.61310095,13.44687111,2.308472027,34.2441864,6.917956020064205
Sierra Leone,2021,1045.766162,1.718,0.854,16.28005179,42.14351613,11.87395888,2.274630215,33.41947174,6.95250506513953
Sierra Leone,2022,1077.088845,0.898,0.728,18.66971944,45.05421274,27.20828838,2.225984624,29.37286949,6.982017166790237
Singapore,1990,23272.70009,2.925,0.953,31.7221881,344.3322178,3.460753387,3.889093607,19.88328743,10.055036282654834
Singapore,1991,24132.71533,2.925,0.953,33.14473128,323.8879948,3.425701731,2.845482865,22.89239693,10.091323681504882
Singapore,1992,24973.43114,2.925,0.953,35.1984569,311.3122673,2.263071187,3.004256395,22.27267075,10.125567784326453
Singapore,1993,27139.95243,2.925,0.953,34.64412381,313.4161398,2.289299644,2.529806747,24.74623871,10.208762180623875
Singapore,1994,29220.27279,2.925,0.953,33.35601846,316.2165476,3.100132626,3.136586932,22.63762474,10.282618020990066
Singapore,1995,30379.89911,2.925,0.953,33.18616813,345.4592639,1.720533848,3.037813485,18.88940811,10.321536455209424
Singapore,1996,31349.31718,2.925,0.953,37.87638867,334.9111633,1.383180525,4.064318468,14.87880421,10.352947765281602
Singapore,1997,32835.25185,2.925,0.953,38.4332093,323.8644221,2.003586185,3.357442195,18.82392502,10.399257968764685
Singapore,1998,31043.10818,2.925,0.953,38.01661475,312.0792557,-0.267502293,3.397212277,18.19505119,10.343132103948962
Singapore,1999,32557.04699,2.925,0.953,34.57356285,336.4848464,0.016709834,0.799148451,19.99695206,10.39074912159317
Singapore,2000,34890.08114,2.925,0.953,32.32634436,364.3645205,1.361623924,1.732042233,21.02519798,10.459957859772842
Singapore,2001,33597.86908,2.925,0.953,30.88704023,349.2921057,0.997197956,2.697355843,19.44075012,10.422217923702052
Singapore,2002,34598.82675,2.925,0.953,26.75142322,349.746014,-0.391676867,0.912639806,23.37513924,10.451575051511357
Singapore,2003,36709.7965,2.925,0.953,24.76629443,377.2185643,0.5079053,-1.474532842,21.93494606,10.510798933026864
Singapore,2004,39856.63562,2.925,0.953,24.28142342,401.5237125,1.662727199,1.251916673,21.59755707,10.59304418528728
Singapore,2005,41798.48808,2.925,0.953,23.18799566,420.4305129,0.425106277,2.350511289,21.61222076,10.640615447523757
Singapore,2006,44159.41018,2.925,0.953,23.08671115,425.3633995,0.965657519,3.129389156,19.93605995,10.695561324430619
Singapore,2007,46178.81395,2.925,0.953,24.37568207,394.2884719,2.109801667,4.166002864,20.81651497,10.740276399382479
Singapore,2008,44601.57993,2.925,0.953,27.97891959,437.3267149,6.635440584,5.321517083,18.64857674,10.705524561820187
Singapore,2009,43331.87466,2.925,0.953,28.83745965,358.1928118,0.58914202,3.015949915,18.33227158,10.676643778510735
Singapore,2010,48752.05154,2.925,0.953,25.56972122,369.6855558,2.828845276,1.771832879,21.02063179,10.79450255841233
Singapore,2011,50713.53264,2.925,0.953,25.26491464,379.0986314,5.251156246,2.084902456,20.83732986,10.833948069939874
Singapore,2012,51679.35272,2.925,0.953,26.4299883,369.2129658,4.580844794,2.45339033,21.33481598,10.852813613610246
Singapore,2013,53298.97286,2.925,0.953,27.54821559,367.04178,2.364397937,1.619308099,21.95876312,10.883672339048925
Singapore,2014,54681.93365,2.925,0.953,28.12820922,360.4673192,1.033169559,1.298440178,19.96177673,10.909288653233844
Singapore,2015,55645.60686,2.925,0.953,27.2222709,329.4713989,-0.521975612,1.186376937,16.38944435,10.926758411269523
Singapore,2016,56986.78531,2.925,0.953,25.941206,302.839656,-0.52980976,1.297436099,17.65014648,10.950574683271746
Singapore,2017,59485.30159,2.925,0.953,25.20841801,316.7944093,0.576763191,0.08859547,17.26396179,10.993484528915426
Singapore,2018,61250.34767,2.925,0.953,22.39219801,326.5965873,0.438784215,0.469704299,16.08641052,11.02272480463576
Singapore,2019,61345.52918,2.925,0.932,22.8859362,324.3949851,0.567829988,1.144283307,16.47985268,11.024277573481989
Singapore,2020,59189.70386,2.925,0.932,20.99351377,332.0408055,-0.172111866,-0.311904961,11.21518135,10.988502884462253
Singapore,2021,67731.26107,2.925,0.942,22.12466356,329.1613837,2.316103158,-4.1703363,13.06482029,11.123303111111358
Singapore,2022,68218.80533,2.925,0.942,20.75457905,332.3495678,6.130954189,3.308620524,10.07325935,11.130475543799363
Slovenia,1995,13278.74286,2.858,0.953,23.10951393,93.0505273,13.46372962,0.0215615,11.83999157,9.493919754392865
Slovenia,1996,13674.1833,2.858,0.953,23.90799405,93.66844152,9.864450615,-0.062536134,13.47557545,9.523264903386087
Slovenia,1997,14400.67089,2.858,0.953,25.21943339,96.4295395,8.359679907,-0.134454343,13.39564514,9.575030074062164
Slovenia,1998,14874.29048,2.858,0.953,26.23725676,97.06808154,7.891166829,-0.218117657,13.08291435,9.607389530452677
Slovenia,1999,15646.68859,2.858,0.953,27.810498,92.95818742,6.155587545,0.071430845,13.13355541,9.658014581886327
Slovenia,2000,16146.12168,2.858,0.949,27.59269738,104.6203486,8.911744187,0.29607496,12.89715767,9.689435156158448
Slovenia,2001,16576.71588,2.858,0.949,26.61561297,105.5832235,8.379665875,0.157498742,13.14473248,9.71575433186796
Slovenia,2002,17099.65821,2.858,0.949,24.86415158,104.8804583,7.480777707,0.123915442,13.58825016,9.746813754571695
Slovenia,2003,17635.36086,2.858,0.949,25.26483621,103.2800271,5.544164218,0.060296779,13.39265919,9.777661305176983
Slovenia,2004,18425.26012,2.858,0.949,26.21221397,112.3999335,3.592975942,0.064066202,13.66279602,9.821477834732645
Slovenia,2005,19102.27766,2.858,0.949,26.78414762,121.1272842,2.451501323,0.173208905,14.03157997,9.857562856139758
Slovenia,2006,20166.53234,2.858,0.949,27.90149944,130.5179131,2.457924442,0.319114537,13.94054127,9.911779694502194
Slovenia,2007,21485.78099,2.858,0.949,28.76321428,137.6630944,3.657495633,0.559207816,13.52918053,9.97514664602551
Slovenia,2008,22175.23696,2.858,0.949,29.58623026,135.3870937,5.647423806,0.158140844,13.40433311,10.006731493028239
Slovenia,2009,20307.61883,2.858,0.949,24.41655815,114.482301,0.839262247,0.903875535,13.42466736,9.918751406440673
Slovenia,2010,20444.12013,2.858,0.959,21.22160027,128.6065754,1.801170221,0.436079485,12.88875008,9.925450595922559
Slovenia,2011,20535.41558,2.858,0.959,20.08483829,140.3323558,1.802851719,0.207732702,12.56480694,9.92990626382893
Slovenia,2012,19894.8698,2.858,0.953,19.16767376,143.6564486,2.59741386,0.210024306,12.93512249,9.898217178481735
Slovenia,2013,19704.2186,2.858,0.945,19.83373393,145.1687894,1.769200859,0.135726229,10.66393566,9.888588033932907
Slovenia,2014,20228.7082,2.858,0.948,19.43655827,146.4717051,0.199343827,0.098351922,11.73853683,9.914858072463021
Slovenia,2015,20697.27485,2.858,0.962,18.91764852,147.2183677,-0.525552286,0.075190689,11.45901203,9.937757320828416
Slovenia,2016,21309.71221,2.858,0.962,17.77998261,148.2384481,-0.054999542,0.073197207,11.99892521,9.966918220074206
Slovenia,2017,22397.7635,2.858,0.962,18.49372575,158.7021358,1.429107433,0.065159039,12.33415031,10.016716389108412
Slovenia,2018,23293.96667,2.858,0.962,19.53028033,162.613494,1.73860862,0.362584395,12.37124443,10.055949664821014
Slovenia,2019,23943.18009,2.858,0.948,19.75839625,160.0442757,1.630522608,0.696304046,12.5714798,10.083438806129664
Slovenia,2020,22811.80505,2.858,0.961,19.02389281,147.5490086,-0.054856816,0.669754656,11.12562847,10.03503344629918
Slovenia,2021,24665.44105,2.858,0.961,20.2003571,161.7887275,1.917065061,0.26885197,11.50174236,10.113158395121587
Solomon Islands,1991,1856.368873,1.666,0.891,12.30339857,168.2004094,15.05013078,3.061264963,11.68292999,7.526377639827179
Solomon Islands,1998,2153.358643,1.666,0.822,7.2156493,83.138802,12.39950381,2.806322968,13.35684013,7.674784061754634
Solomon Islands,2007,1830.233214,2.12,0.932,13.10135857,83.74761387,7.666020135,1.726687719,21.57959938,7.5121986770600255
Solomon Islands,2008,1911.18969,2.12,0.932,13.37827488,87.3526158,17.3200652,1.711530798,22.01398087,7.555481201480515
Solomon Islands,2009,1930.462876,2.12,0.932,12.79120211,71.88495302,7.092717169,1.821204825,18.15389061,7.565515085268157
Solomon Islands,2010,2058.956916,2.12,0.932,17.94388299,96.14855454,1.051481633,2.821397885,19.0389595,7.629954782088126
Solomon Islands,2020,1930.655103,1.8,0.888,18.80996091,60.22043656,2.963549921,2.220721486,30.4943924,7.565614655911274
Solomon Islands,2021,1880.551983,1.762,0.884,24.28767192,67.42005678,-0.115437894,2.401167987,25.99682617,7.539320620708331
Solomon Islands,2022,1788.617279,1.832,0.884,21.99167646,74.83554053,5.518129286,2.393780769,25.78161812,7.4891981304938415
Solomon Islands,2023,1795.887987,1.832,0.884,21.47150021,101.1345318,5.88585897,2.395832434,25.89318848,7.493254878877089
South Africa,1996,4465.506499,1.28,0.83,15.80493778,42.19925173,7.354119721,1.296994204,20.02132607,8.404137924503019
South Africa,1997,4527.049924,1.28,0.83,16.15013229,42.30133443,8.597776113,1.197989573,19.90680122,8.41782577542905
South Africa,1998,4494.857112,1.28,0.83,16.51397051,44.03574534,6.88054521,1.212415869,18.81031418,8.410689158191344
South Africa,1999,4552.85008,1.28,0.83,14.84127552,42.25829602,5.181489051,1.089697786,18.47662163,8.4235087070527
South Africa,2000,4700.875555,1.28,0.83,14.387055,46.22072174,5.338959136,0.914659168,18.40429497,8.455504058646511
South Africa,2001,4786.48245,1.28,0.83,14.36330646,49.17094519,5.70189483,0.859492168,17.82857704,8.47355106781748
South Africa,2002,4916.814981,1.28,0.83,14.0272853,53.46550163,9.494713781,0.94703694,16.60584831,8.500416238272
South Africa,2003,5011.622232,1.28,0.83,14.65691258,45.72386257,5.679424141,0.996556488,17.99821472,8.519514940469787
South Africa,2004,5187.356834,1.28,0.83,15.16723896,45.64357522,-0.692039438,1.007422797,17.27433777,8.553979565893055
South Africa,2005,5406.075814,1.28,0.83,15.8783049,47.4277814,2.062853082,1.012609462,18.08443832,8.595278750785411
South Africa,2006,5650.988318,1.28,0.83,17.36553956,53.76814127,3.243907654,1.021724907,19.01977921,8.63958573238297
South Africa,2008,6009.719631,1.28,0.83,21.61482222,65.9745238,9.90998456,1.153095517,18.54537582,8.701133376025115
South Africa,2009,5847.058111,1.28,0.83,19.49086497,49.58753533,7.238095238,1.193904507,17.2351799,8.673693926727275
South Africa,2010,5953.945065,1.28,0.832,17.56163572,50.40608716,4.06749556,1.18290957,17.23495674,8.691809314962784
South Africa,2011,6067.124827,1.28,0.832,17.80936918,54.63635044,5.000853388,1.236314587,18.45666122,8.71064010247928
South Africa,2012,6121.557839,1.192,0.825,17.93493345,55.58261719,5.737971391,1.474794344,19.20282745,8.719571891970517
South Africa,2013,6170.876709,1.192,0.825,18.57871221,58.87502763,5.780169101,1.652651995,16.7507,8.727596199025712
South Africa,2014,6155.005895,1.137,0.819,18.30119874,59.49957406,6.132829531,1.661445407,16.35124969,8.725020996376015
South Africa,2015,6112.273825,1.137,0.845,18.00895329,56.72667614,4.518690949,2.009888402,18.88514328,8.718054131053545
South Africa,2016,6095.29506,1.137,0.845,17.44150362,55.8612575,6.602908424,0.940521898,16.12016106,8.71527245091591
South Africa,2017,6125.692051,1.137,0.812,16.39880518,53.53593183,5.186186555,0.653837463,18.88005066,8.72024701694864
South Africa,2018,6117.270141,1.137,0.827,15.92216748,54.48554513,4.509872649,1.68236992,20.29368973,8.718871220601915
South Africa,2019,6032.829726,0.741,0.834,15.46898966,53.89799641,4.102850755,1.649574955,18.69450378,8.704971454273196
South Africa,2020,5569.584833,0.639,0.827,13.79836054,50.75965908,3.232388316,1.622164314,18.64886284,8.625075793877656
South Africa,2021,5750.909375,0.639,0.827,13.10987863,56.16471363,4.618745449,1.540557438,18.92766571,8.657113273460572
South Africa,2022,5786.865053,0.639,0.807,14.18248514,64.9471344,7.039872725,1.41397228,18.64850044,8.663345982311105
South Sudan,2011,2073.239818,-0.685,0.334,9.488777068,93.22685975,46.85217572,5.413664039,3.950700045,7.636867792189385
South Sudan,2013,1165.162027,-1.55,0.189,11.36777383,50.81124659,-0.058090978,3.741202364,3.228019953,7.060615435299175
South Sudan,2014,1197.09492,-2.189,0.122,7.99450883,64.63451781,1.674299063,0.614232825,4.131360054,7.087653000659648
South Sudan,2015,1080.147186,-1.961,0.142,5.750756372,65.55134918,52.76633042,-1.141435557,3.32494998,6.984852594165869
Spain,1995,20217.90319,3.08,0.944,21.89680158,44.83062797,4.673803376,0.44136575,9.854065895,9.914323787395091
Spain,1996,20658.84028,3.08,0.969,21.69605642,46.29775067,3.558845593,0.416515798,10.06589413,9.9358986075066
Spain,1997,21310.43119,3.08,0.969,22.13861661,51.22713986,1.971073956,0.419119517,10.14059544,9.96695195905032
Spain,1998,22135.4045,3.08,0.969,23.28339564,52.73031307,1.834329999,0.413847481,10.09166145,10.004933619225609
Spain,1999,23017.83877,3.08,0.969,24.7406937,54.69691319,2.31034814,0.405323026,10.50771427,10.044024792985702
Spain,2000,24106.88185,3.08,0.969,25.97267627,60.1216241,3.433515634,0.447137015,10.52374935,10.090252632657888
Spain,2001,24878.37845,3.08,0.969,25.9006959,58.01388956,3.589834133,0.694068084,10.48274708,10.121754369889915
Spain,2002,25205.31548,3.08,0.969,26.1773352,55.10214153,3.065656859,1.412595405,10.56659412,10.134810183002573
Spain,2003,25481.16537,3.08,0.969,27.12390819,53.43578972,3.038888394,1.808454468,10.59264565,10.145694845296411
Spain,2004,25825.31065,3.08,0.969,27.82530036,54.47951827,3.039248811,1.725466303,10.62866497,10.159110322957117
Spain,2005,26294.44738,3.08,0.969,29.02840359,54.6991667,3.368814098,1.689349047,10.40522575,10.177113069639834
Spain,2006,26899.09215,3.08,0.969,30.04549362,56.08392638,3.515575768,1.690352556,10.43703461,10.199847815949786
Spain,2007,27338.79542,3.08,0.969,29.87580055,57.62694877,2.786797458,1.851081308,10.38255215,10.216062050053463
Spain,2008,27112.52629,3.08,0.969,27.85662405,55.82813152,4.07534336,1.595330499,10.35980511,10.207751124798099
Spain,2009,25860.81426,3.08,0.969,23.16219163,46.83669,-0.287813084,0.885735981,10.17765427,10.160484139069116
Spain,2010,25766.25158,3.08,0.969,21.87421378,52.69336997,1.799864577,0.460408305,9.938093185,10.15682083633392
Spain,2011,25510.55797,3.08,0.969,20.1470024,58.51182289,3.196101888,0.355338396,9.69765377,10.146847683495636
Spain,2012,24763.56827,3.08,0.964,18.71059226,60.5540347,2.446127824,0.064925963,8.558403015,10.117128830712318
Spain,2013,24498.55595,3.08,0.969,17.5983667,61.66877264,1.408581092,-0.36166878,8.975120544,10.106369453979413
Spain,2014,24947.85125,3.08,0.969,18.02995142,63.39926214,-0.151114838,-0.308309722,9.173282623,10.124542975226442
Spain,2015,25982.44162,3.08,0.969,18.29894252,63.58204122,-0.50036571,-0.082749238,9.414457321,10.165176266563103
Spain,2016,26719.24423,3.08,0.969,18.1917189,63.18867785,-0.202598,0.077165873,9.660429955,10.19313934244517
Spain,2017,27426.28102,3.08,0.969,18.90619338,66.16744614,1.956076334,0.243134087,9.75414753,10.219256993988745
Spain,2018,27956.72255,3.08,0.969,19.67390264,67.0094104,1.674981369,0.451573725,9.572023392,10.23841297023526
Spain,2019,28301.43939,3.08,0.976,20.30501472,66.36622504,0.699518994,0.716697775,9.576940536,10.250667944175365
Spain,2020,25077.01988,3.08,0.976,20.61593285,59.44612801,-0.322753017,0.51001019,9.022061348,10.129707163125255
Spain,2021,26705.36291,3.08,0.976,20.19953475,66.52458894,3.09313512,0.178046695,9.200827599,10.192619682271497
Spain,2022,28203.10934,3.08,0.976,20.48823175,78.46573387,8.390576341,0.718854879,9.248933792,10.247187511131674
Sri Lanka,1991,1441.629968,-1.25,0.202,22.61504787,67.59591239,12.18563072,0.748734482,10.87623024,7.273529674651324
Sri Lanka,1994,1620.29121,-0.004,0.524,26.63862238,79.4307907,8.448712487,1.456834411,12.70728016,7.390361171330929
Sri Lanka,1995,1681.350532,-0.004,0.524,25.58882373,81.63504909,7.674848734,1.655010885,11.56567001,7.42735263754757
Sri Lanka,1996,1712.008158,-0.004,0.524,23.89041931,78.87396371,15.93583104,1.922578451,12.69388962,7.44542232187725
Sri Lanka,1998,1836.389463,-0.004,0.524,25.11959889,78.49498913,9.364243007,1.888022013,11.66882992,7.515556674501929
Sri Lanka,2009,2787.27351,-1.356,0.3,23.73051643,49.14914153,3.464963221,0.614014272,8.2707901,7.932819160449313
Sri Lanka,2015,4057.715835,1.037,0.694,28.25862349,46.91797081,3.768367831,0.919811027,10.95026016,8.30837549205902
Sri Lanka,2016,4214.74118,1.253,0.758,30.08910024,46.47153703,3.958888466,1.133277498,17.72875977,8.346343464042912
Sri Lanka,2017,4436.007899,1.253,0.749,31.60018791,47.1404098,7.704137679,1.143887584,14.49975967,8.397510129126923
Sri Lanka,2018,4493.035754,1.434,0.807,30.74196308,49.80939675,2.135037737,1.006431981,11.33090019,8.410283866750493
Sri Lanka,2020,4227.233153,0.523,0.558,25.56406176,37.08911886,6.153945084,0.53062656,5.46859169,8.349302957077343
Sri Lanka,2021,4357.972258,0.523,0.542,26.34573426,41.22884633,7.014780712,1.075449957,5.03881216,8.379762149720191
Sri Lanka,2022,4033.145615,0.541,0.632,23.9141453,46.68260802,49.72110211,0.11277264,5.345830441,8.302301900098085
Sri Lanka,2023,3964.919874,0.636,0.682,17.84052266,43.5362303,16.54117423,-0.65132077,8.678466797,8.285240925541933
Sudan,2000,1111.118652,-1.741,0.096,24.88803086,29.40423446,7.121258972,2.497545616,9.116889954,7.013122581416933
Sudan,2002,1185.215332,-1.741,0.096,21.56635179,25.62556172,22.22472415,2.465969175,11.0448904,7.077679751829035
Sudan,2004,1255.671143,-1.431,0.189,23.61173192,30.43233762,9.657546286,2.185604952,7.949240208,7.1354254839233375
Sudan,2005,1290.244385,-1.431,0.136,21.2067763,35.8715914,8.505850759,2.283559249,5.966800213,7.162586925149575
Sudan,2006,1336.124023,-1.366,0.14,22.88917699,36.20259362,7.199129901,2.308196368,8.253160477,7.197528181374833
Sudan,2008,1381.62561,-1.366,0.157,20.66890797,36.74109783,14.29712245,2.590503087,9.392780304,7.231016063140115
Sudan,2009,1301.34729,-1.366,0.157,22.3259083,32.78087833,11.25675871,2.772109263,10.7818203,7.171155383704903
Sweden,1995,35064.41388,3.295,0.989,19.5446497,68.68108419,2.455148578,0.524703942,10.94065094,10.46494204558819
Sweden,1996,35605.45375,3.295,0.989,20.02508921,66.50652207,0.533131979,0.159147081,11.12350559,10.480254100331651
Sweden,1997,36675.75065,3.295,0.989,19.70812364,71.99489858,0.658410256,0.057262203,11.75661182,10.509871070422719
Sweden,1998,38211.72331,3.295,0.989,20.56208257,74.3347541,-0.267132668,0.055512122,12.64308453,10.5508976404446
Sweden,1999,39786.02719,3.295,0.989,21.15380882,74.84791717,0.462175756,0.077927151,12.80198097,10.591271054002913
Sweden,2000,41561.77476,3.295,0.989,21.7434173,81.47215909,0.899143734,0.160575485,12.06980515,10.63493614786251
Sweden,2001,42014.40223,3.295,0.989,22.18055529,80.56918281,2.405958341,0.268470528,12.80033779,10.645767748723323
Sweden,2002,42831.75841,3.295,0.989,21.6669413,77.0853187,2.158482136,0.325438068,12.76443291,10.665035125335187
Sweden,2003,43475.36554,3.295,0.989,21.09905568,75.32821749,1.925655349,0.372092943,12.58081532,10.67994974723774
Sweden,2004,45114.67012,3.295,0.989,21.34716874,78.73588192,0.373659829,0.393298991,12.639884,10.716962752421374
Sweden,2005,46189.68284,3.295,0.989,21.50972609,84.16792302,0.453170853,0.399942763,12.69491386,10.740511736979775
Sweden,2006,48078.35201,3.295,0.989,22.55760146,88.33026089,1.360214686,0.562483906,12.76595974,10.780587292623318
Sweden,2007,49262.15292,3.295,0.989,23.50979051,89.54692366,2.212168834,0.741552515,12.69374371,10.804911375956998
Sweden,2008,48428.65871,3.295,0.989,23.99541492,92.80836871,3.437049106,0.779033291,12.79371929,10.787847039577036
Sweden,2009,45974.39112,3.295,0.989,22.06649249,81.95831397,-0.494460544,0.851904413,12.80220127,10.73583980566541
Sweden,2010,48205.54925,3.295,0.989,22.04676653,85.09148493,1.157988027,0.852524629,12.72410774,10.78322942307983
Sweden,2011,49356.59053,3.295,0.989,22.40669377,86.39074481,2.961150738,0.755150134,12.72320843,10.806826582652253
Sweden,2012,48789.79069,3.295,0.989,22.25770205,85.29806054,0.888377507,0.739763272,12.63094711,10.795276362782234
Sweden,2013,48928.49941,3.295,0.989,21.96568388,81.64025213,-0.04429297,0.847348652,12.54209614,10.798115315715611
Sweden,2014,49557.61836,3.295,0.989,22.69318353,83.82298105,-0.179638494,0.992219729,12.83456993,10.810891278898294
Sweden,2015,51188.16521,3.295,0.989,23.24105115,84.1730766,-0.046784745,1.057454686,13.01320267,10.843263636066538
Sweden,2016,51626.32353,3.295,0.989,23.87142054,83.45194786,0.984269245,1.256453985,13.33304501,10.85178696731969
Sweden,2017,51894.37482,3.295,0.989,24.58126726,86.06930887,1.794499047,1.34744506,13.60951805,10.856965678308807
Sweden,2018,52203.08726,3.295,0.989,24.61381583,90.40871424,1.953535301,1.16164516,13.82106209,10.862896915033735
Sweden,2019,53024.40995,3.295,0.989,23.84114572,92.75113903,1.784150974,1.013722263,14.07531929,10.87850765160105
Sweden,2020,51624.58118,3.295,0.989,24.53260667,84.47459581,0.497367319,0.722703913,13.43839073,10.851753217494348
Sweden,2021,53997.13371,3.295,0.989,25.11580432,91.11023744,2.163197364,0.600591533,13.53193951,10.896686244693203
Switzerland,1990,70063.85171,3.074,0.975,32.95114696,82.50881868,5.403959092,1.026873072,15.49409008,11.157162272545449
Switzerland,1991,68559.93823,3.074,0.975,31.57943902,78.22391289,5.859596635,1.249826024,15.52924824,11.135463652308594
Switzerland,1992,67778.54754,3.074,0.975,28.3390597,78.88264528,4.037030208,1.102521072,15.34841156,11.124001015896324
Switzerland,1993,67079.46439,3.074,0.975,26.54509516,77.67113369,3.292621803,0.910715566,14.89634228,11.113633231260067
Switzerland,1994,67391.84442,3.074,0.975,26.78922545,76.15536381,0.852116995,0.797158411,14.7339468,11.118279286908361
Switzerland,1995,67264.91133,3.074,0.975,26.72687784,76.25217291,1.799827769,0.668242326,14.7856245,11.11639400269979
Switzerland,1996,67284.10917,3.074,0.975,25.60227504,78.75248496,0.811634065,0.441636407,14.57019043,11.11667936843577
Switzerland,1997,68640.07453,3.074,0.975,25.67863687,88.46997846,0.520225423,0.24089121,14.36932373,11.136631819971278
Switzerland,1998,70510.02564,3.074,0.975,26.82017785,88.21561677,0.017938438,0.297135766,14.1690073,11.163510186349384
Switzerland,1999,71341.34287,3.074,0.975,27.25403898,89.8170141,0.806444381,0.476919931,13.93058395,11.175231282256888
Switzerland,2000,73749.93895,3.074,0.975,27.512043,97.93685621,1.558529197,0.561954617,14.09673023,11.208435446405113
Switzerland,2001,74439.46376,3.074,0.975,26.8655928,96.03983789,0.98902033,0.632771238,14.79891682,11.21774150707629
Switzerland,2002,73824.38492,3.074,0.975,27.07893441,91.78185086,0.642711507,0.756469146,14.68671036,11.209444374982427
Switzerland,2003,73254.95299,3.074,0.975,26.53006491,90.33549611,0.638272931,0.741919603,15.30901718,11.201701142204268
Switzerland,2004,74718.68363,3.074,0.975,27.31186451,95.51709446,0.802908731,0.68742596,15.13735104,11.221485455376015
Switzerland,2005,76282.98407,3.074,0.975,27.26299806,102.2611721,1.171954203,0.64060154,15.19173145,11.242205178901996
Switzerland,2006,78893.80782,3.074,0.975,27.06025537,106.2451548,1.059509283,0.627558473,15.42107201,11.27585802238532
Switzerland,2007,81254.1701,3.074,0.975,27.20725767,113.3318578,0.732350603,0.893690978,15.23476887,11.305337423182628
Switzerland,2008,82481.06806,3.074,0.975,26.73427236,116.7780001,2.426041171,1.270618074,15.22962379,11.320324067928047
Switzerland,2009,79585.5217,3.074,0.975,25.21485167,109.7759846,-0.480481936,1.249484631,15.28873444,11.284587467097856
Switzerland,2010,81315.42283,3.074,0.975,25.18862901,120.0651233,0.688238707,1.041558058,15.17560768,11.306090980250646
Switzerland,2011,81874.33624,3.074,0.975,25.51884898,125.5562732,0.231349208,1.111878943,15.34310436,11.312940865912324
Switzerland,2012,81964.88649,3.074,0.975,26.26890324,126.4538605,-0.692552018,1.061819329,15.3788662,11.314046221000206
Switzerland,2013,82479.92157,3.074,0.975,26.22760289,133.6937084,-0.217323155,1.149879758,15.06401539,11.320310167793203
Switzerland,2014,83394.37129,3.074,0.975,26.41818989,120.2134234,-0.013202539,1.220103973,15.25395203,11.331336095541673
Switzerland,2015,83806.4476,3.074,0.981,26.41120411,117.1384822,-1.143908672,1.138337152,15.38497066,11.336265223844547
Switzerland,2016,84611.09987,3.074,0.981,26.49981682,123.5659245,-0.434618664,1.092031174,15.35782146,11.345820741124921
Switzerland,2017,84967.58865,3.074,0.981,27.14888895,123.6218076,0.53378784,0.933155889,15.359375,11.35002515275531
Switzerland,2018,86756.60223,3.074,0.981,26.60269394,124.4285043,0.936335464,0.736633975,15.46289158,11.370861801310856
Switzerland,2019,87123.66042,3.074,0.981,26.62220419,124.1276122,0.36288618,0.713313668,15.64546299,11.375083772564421
Switzerland,2020,84637.01329,3.074,0.981,26.9939096,121.785978,-0.725874933,0.730676195,14.24272251,11.346126959253072
Switzerland,2021,88661.20298,3.074,0.981,26.25607668,130.0162613,0.581814168,0.765501039,14.58070755,11.392577676670788
Switzerland,2022,90605.01943,3.074,0.981,25.65103887,138.5006988,2.835027986,0.829927184,15.40520763,11.414264892593561
Tanzania,1996,522.333252,1.506,0.799,11.34292343,35.7265067,20.97725964,1.833646005,12.50030994,6.258305797976348
Tanzania,1997,529.9542236,1.506,0.799,10.13735498,28.85878322,16.09065493,2.022743479,12.62788963,6.272790632249977
Tanzania,1998,535.3631592,1.506,0.799,22.60798413,26.14364206,12.79975405,2.632614928,11.79397011,6.282945318856959
Tanzania,2004,650.5165405,1.506,0.799,25.67405203,33.60978674,4.735801439,2.713260964,19.49263954,6.477766724992857
Tanzania,2005,680.0512085,1.506,0.799,28.54497165,36.95927329,5.034570093,2.775139411,18.14314079,6.522168101952398
Tanzania,2006,704.5027466,1.506,0.801,31.50318589,42.76816647,7.250972621,2.800556238,15.01506996,6.557492229982661
Tanzania,2007,731.5200195,1.506,0.801,33.88753209,48.05839478,7.02551437,2.791333122,19.44923019,6.595124587823215
Tanzania,2008,752.5404663,1.506,0.801,36.06015286,49.02654455,10.27839376,2.702859001,18.94046974,6.623454770991117
Tanzania,2009,772.9295654,1.506,0.801,30.99673579,43.53260065,12.14222787,2.466936951,17.68234062,6.650187925936526
Tanzania,2010,801.2993164,1.506,0.806,30.77056841,47.64043943,6.200155956,2.544485226,18.33043671,6.68623455566997
Tanzania,2011,838.9992676,1.506,0.811,35.09952948,56.16612418,12.69096947,2.799850312,17.61824417,6.732209833522845
Tanzania,2012,851.9107056,1.506,0.811,32.96444487,54.36894908,16.00109385,2.879943739,16.87873459,6.747481715703019
Tanzania,2013,882.8115234,1.506,0.811,33.95718123,48.63162753,7.870723646,3.014557367,19.11519241,6.78311172753708
Tanzania,2014,913.8112183,1.506,0.811,33.170349,45.35602234,6.13161433,3.08040316,17.37976837,6.817624005591351
Tanzania,2015,939.1273193,1.486,0.807,31.87113206,40.75768088,5.58816953,3.261810423,17.63455009,6.844951060325567
Tanzania,2016,970.1561279,1.285,0.78,32.75384524,35.4204704,5.174766293,3.407295314,17.20423126,6.877457015143243
Tanzania,2017,1001.55896,1.07,0.76,35.1589886,33.11259199,5.318716052,3.341430221,24.39653969,6.909313025065464
Tanzania,2018,1024.015259,1.08,0.765,39.04883161,32.6426099,3.494458489,3.155721138,20.50494003,6.931486706855616
Tanzania,2019,1051.766602,0.997,0.739,42.63047115,33.01858925,3.46428058,2.980609394,14.29210854,6.958226507466085
Tanzania,2020,1041.259644,0.93,0.731,40.53424427,27.9630152,3.290290628,2.993051688,13.62855816,6.948186455382939
Tanzania,2021,1054.317261,1.256,0.749,41.45960072,29.91518401,3.690919588,3.001139348,13.53700829,6.960648690449264
Tanzania,2022,1070.585327,1.256,0.838,42.82035188,35.00345171,4.350272043,2.950466584,14.33210945,6.97596081246652
Tanzania,2023,1092.864136,1.875,0.884,42.72681819,38.21203481,3.799232914,2.902500736,13.70423794,6.996557176699043
Thailand,2013,5516.611642,0.039,0.479,25.3835377,132.4622742,2.184886185,0.587325699,17.07395935,8.615519117827537
Thailand,2014,5541.465994,-0.872,0.261,24.661391,130.9054954,1.895141819,0.530129864,16.89937592,8.620014364591267
Thailand,2015,5688.853354,-1.007,0.195,24.52848915,124.8396622,-0.900424963,0.460976294,17.05779266,8.646263987304684
Thailand,2016,5857.780529,-1.122,0.208,23.71362635,120.5752273,0.188149704,0.451266063,17.31389999,8.675526061510013
Thailand,2017,6076.743077,-1.176,0.178,23.10836493,120.8914274,0.665631893,0.42296351,15.85933113,8.712224153308428
Thailand,2018,6314.199484,-1.176,0.206,22.78622637,120.8418647,1.063897542,0.302929452,14.52906036,8.750556262537136
Thailand,2019,6434.537705,-0.762,0.25,22.57295117,109.6895147,0.706728601,0.204609852,14.49908352,8.769435276734718
Thailand,2020,6035.186277,-0.762,0.27,23.21242866,97.80074325,-0.845937147,0.166540795,12.28408241,8.705361999169616
Thailand,2021,6121.526965,-0.762,0.27,23.50779044,117.2529446,1.230395413,0.119758275,11.87624741,8.719566848470372
Thailand,2022,6278.785514,-0.762,0.27,23.36192715,132.8587121,-1.610680305,0.011148545,11.18550682,8.744931851269639
The Gambia,2000,659.9112376,-1.076,0.141,4.562497397,56.35981989,0.844969567,2.738372127,11.92179966,6.492105337491235
The Gambia,2001,679.5397559,-1.076,0.141,11.17274014,46.92926319,4.492596092,2.706993376,8.205269814,6.521415739458799
The Gambia,2002,640.0389321,-1.076,0.141,7.278327629,59.64295092,8.609124744,2.684687794,10.94752026,6.461529005909813
The Gambia,2003,665.8342223,-1.076,0.141,10.03888601,68.85879303,17.03286654,2.693123485,8.468839645,6.501040724090327
The Gambia,2004,693.5633145,-1.076,0.141,14.31837652,49.93429956,14.20674328,2.732402056,5.029540062,6.541842532631545
The Gambia,2005,658.6762854,-1.076,0.141,13.83185067,50.0187234,4.838621775,2.781210107,5.344170094,6.490232192873156
The Gambia,2006,636.5960269,-1.305,0.124,15.69068531,50.37446858,2.056503424,2.852561853,5.360760212,6.456135273703792
The Gambia,2007,637.209306,-1.074,0.142,12.56652088,44.29384447,5.369134738,2.901570356,7.297500134,6.457098182449022
The Gambia,2008,657.6756792,-1.074,0.142,10.52243473,39.08909946,4.443654909,2.906646313,18.88171005,6.4887119210619275
The Gambia,2009,681.4334691,-1.074,0.142,12.8914138,41.77739443,4.561506877,2.904298539,13.29374027,6.5241986221597355
The Gambia,2010,701.0145246,-1.074,0.142,13.87671053,41.01251503,5.049680759,2.9073793,17.61123085,6.552528606648753
The Gambia,2011,625.4643603,-1.074,0.142,12.89616829,42.63970205,4.795882662,2.923376927,17.02671814,6.438494350346011
The Gambia,2012,639.1398819,-1.074,0.142,20.87716865,47.70067311,4.254321998,2.945919358,13.79553032,6.460123337932519
The Gambia,2013,638.5223685,-1.295,0.099,14.71153313,45.46191936,5.699129896,2.928941434,10.58541965,6.459156707748542
The Gambia,2014,611.879473,-1.113,0.116,16.6526122,58.25793078,5.947999357,2.844758394,11.75232029,6.4165353235747045
The Gambia,2015,619.5363643,-1.074,0.12,20.34981404,44.52237308,6.808454946,2.734288399,12.42132854,6.4289713987814805
The Gambia,2016,615.1933655,-1.074,0.12,24.91993419,38.11408796,7.228792721,2.628194051,10.44995975,6.421936633835494
The Gambia,2017,628.7772993,0.822,0.62,22.95972668,55.73357961,8.034189745,2.525881385,15.44113731,6.44377713884118
The Gambia,2018,658.1278333,1.44,0.83,20.87842426,64.812464,6.520968239,2.422943009,12.44458008,6.489399187988185
The Gambia,2019,682.7976429,1.71,0.855,24.65384316,55.997911619999996,7.115676256,2.35622072,16.85204506,6.526198538805364
The Gambia,2020,670.7586429,1.71,0.855,32.34205469,47.39552017,5.931276366,2.368661292,14.2760601,6.508409374649478
The Gambia,2021,689.4932396,2.659,0.914,30.37079025,42.0979828,7.370347589,2.367747784,15.62181854,6.535956892399213
The Gambia,2022,710.6869792,2.659,0.934,28.62364921,44.72192154,11.51311984,2.319921098,14.48432827,6.566232078573135
The Gambia,2023,735.6123837,2.659,0.934,27.44597498,39.96201732,16.97421296,2.301240497,17.5029583,6.600703327417174
Timor-Leste,2008,1042.868338,1.694,0.917,31.18675028,135.2507687,9.064236219,2.703719071,7.090539932,6.9497302130920415
Timor-Leste,2009,1120.096936,2.374,0.947,48.72170325,157.6864398,0.669681186,2.520491249,10.58611965,7.021170510543905
Timor-Leste,2010,1195.380661,2.374,0.941,42.68686636,134.4005104,6.765976802,2.416489984,9.154210091,7.086219958410872
Timor-Leste,2011,1237.483803,2.374,0.941,70.10857697,140.7663441,13.49984024,2.326239374,7.650899887,7.1208354058723415
Timor-Leste,2012,1269.416256,2.374,0.941,57.60080644,128.5004889,11.80030967,2.198483979,6.944009781,7.1463124328404755
Timor-Leste,2013,1281.92864,2.374,0.941,40.24656401,79.63412157,11.08490851,2.076304762,7.339627266,7.1561209729048505
Timor-Leste,2014,1312.96495,1.561,0.902,41.07564664,82.73577677,0.726275016,1.983147949,8.278167725,7.180043179353953
Timor-Leste,2015,1319.59295,1.453,0.895,35.62865935,60.07692302,0.552796026,1.946242341,7.489810467,7.185078596812116
Timor-Leste,2016,1333.658561,2.313,0.939,38.2536046,60.31062394,-1.338538762,1.905259439,6.095623493,7.195681242440089
Timor-Leste,2017,1267.086616,2.11,0.916,32.94482968,58.63475348,0.557215537,1.886415497,7.021611214,7.144475541046844
Timor-Leste,2018,1237.200659,2.287,0.926,32.92085197,64.81918037,2.63647201,1.919302866,6.591574192,7.120606573465154
Timor-Leste,2019,1507.247436,2.287,0.933,22.88147736,70.61424319,0.95881274,1.939287072,6.869692326,7.318040376256772
Timor-Leste,2020,1947.839929,2.287,0.933,13.70112883,84.75031025,0.495499215,1.911593734,6.956636906,7.574476308854926
Timor-Leste,2021,2015.820358,2.716,0.951,14.18314577,99.85999942,3.697920947,1.800068931,7.470769882,7.608781517085973
Togo,1992,633.6690302,-0.847,0.223,9.652414911,49.65501314,1.393786637,2.828179807,22.54920959,6.451526783744979
Togo,1996,671.5042747,-0.847,0.223,10.6307695,59.4098688,4.6875,3.716830623,23.29256058,6.509520381840275
Togo,1998,706.6895799,-0.847,0.223,13.58206603,55.73792451,0.975338381,2.835237022,20.98232079,6.560591502859082
Togo,1999,704.0438451,-0.847,0.223,8.933537319,50.10889962,-0.053213625,2.826543064,23.4187603,6.5568406341903165
Togo,2000,679.5334216,-0.69,0.238,13.24395313,48.80800411,1.862605955,2.75685669,24.42370987,6.521406417959258
Togo,2001,667.2983347,-0.69,0.238,13.90825664,51.39415207,3.919591337,2.636986353,25.73135948,6.503237224327247
Togo,2002,675.440798,-0.69,0.238,14.30605067,51.60956528,3.059818575,2.5423944,30.70002937,6.515365511812637
Togo,2003,702.799256,-0.69,0.238,14.46388789,55.38997842,-0.930000884,2.533421659,27.75642967,6.55507129768973
Togo,2004,678.2876,-0.69,0.238,13.56562662,57.87109387,0.393078681,2.566505352,21.83069038,6.519571386788325
Togo,2005,630.2486783,0.122,0.327,14.4880527,61.45428001,6.78292893,2.567010652,17.67807961,6.446114468961507
Togo,2006,629.0799058,0.534,0.404,16.20295919,61.61286046,2.228977794,2.801242841,17.2866497,6.444258284880032
Togo,2007,603.8378434,0.567,0.433,15.93047518,61.77407211,0.945673272,2.913163218,18.15452003,6.40330569069792
Togo,2008,610.4054137,0.567,0.433,16.74672872,62.30766745,8.694828144,2.874543034,19.24566078,6.4141233490331455
Togo,2009,625.7115114,0.567,0.433,17.25368841,62.21041999,3.71360592,2.833678897,19.37198067,6.4388894204697324
Togo,2010,644.5632813,0.519,0.451,17.89310981,66.79748859,1.445945174,2.721017166,19.6157608,6.46857300421557
Togo,2011,663.9633405,0.519,0.451,21.5932896,77.73231266,3.563514729,2.694618859,16.90378952,6.498226937861939
Togo,2012,687.4954646,0.519,0.451,19.5498564,75.71320857,2.577181741,2.629233845,17.68042946,6.533055232573512
Togo,2013,709.0918611,0.519,0.442,19.95178422,82.14778776,1.825394759,2.567966978,15.49767971,6.563985082455335
Togo,2014,730.2910496,0.602,0.454,23.33003669,70.91565175,0.190875076,2.534481353,15.63267994,6.593443152765667
Togo,2015,751.0519876,0.602,0.454,25.10284498,69.12813788,2.585003908,2.520607466,16.2116394,6.6214748738688955
Togo,2016,763.2761854,0.602,0.478,22.34680116,66.44504098,1.285448471,2.513989965,15.99131012,6.637619938789346
Togo,2017,774.2748973,0.602,0.478,16.96880019,58.20886025,-0.981889869,2.498975657,23.14003944,6.651926975004041
Togo,2018,791.5924052,0.476,0.501,17.81567906,57.57373885,0.927755426,2.471797986,21.76909065,6.674046619442871
Togo,2019,810.5122626,0.476,0.501,17.77229744,56.34217403,0.67465277,2.443512093,19.23478317,6.69766647073432
Togo,2020,808.3006971,1.062,0.72,19.62240549,55.0659514,1.699284633,2.412473937,18.1434536,6.694934139166743
Togo,2021,829.7867001,1.062,0.72,21.44674142,56.37755808,4.186215065,2.37825003,17.45342445,6.721168679932287
Togo,2022,861.5080108,1.062,0.72,27.07245218,61.5750924,7.967573616,2.35270896,14.47581959,6.758684354589871
Tunisia,1992,2270.864494,-0.198,0.258,27.20454114,86.00008755,5.824345146,2.102980615,20.72396088,7.727915872337682
Tunisia,1993,2274.641826,-0.198,0.258,28.11361931,88.41096774,3.974956319,1.999995742,21.67490005,7.729577879869332
Tunisia,1994,2305.161275,-0.198,0.258,27.0567479,92.80438604,4.73323064,1.796141204,21.81670952,7.742905920445179
Tunisia,1995,2322.592072,-0.198,0.258,24.16577722,93.71444657,6.244150287,1.571124831,23.35724068,7.750439113389833
Tunisia,1996,2452.909298,-0.198,0.258,23.19432716,85.72035476,3.725144727,1.443200568,23.13492966,7.805030067627043
Tunisia,1997,2551.550552,-0.198,0.258,23.6717313,80.50071044,3.652026207,1.355438785,25.95521927,7.844456512966978
Tunisia,1999,2766.570071,-0.198,0.258,24.35497027,77.90511394,2.690124858,1.190744383,24.90078926,7.925363590410683
Tunisia,2000,2864.547037,-0.198,0.258,25.16664741,82.63911067,2.962307947,1.122225591,24.59177971,7.960165514380598
Tunisia,2001,2941.738936,-0.198,0.258,25.32507623,89.55220119,1.983333333,1.06692196,24.64776039,7.986756160310366
Tunisia,2002,2950.20411,-0.198,0.258,24.7638384,85.34217597,2.721032849,1.026540082,22.88013077,7.989629636770868
Tunisia,2003,3058.228958,-0.198,0.258,22.90038786,82.39034071,2.712592475,0.999023084,27.68428993,8.025591255497895
Tunisia,2004,3218.723207,-0.198,0.258,22.12881548,86.9253447,3.63228005,0.934209359,27.83381081,8.076740040338567
Tunisia,2005,3301.938172,-0.198,0.258,21.44992955,90.25124788,2.017786414,0.874656406,26.69569016,8.10226489989532
Tunisia,2006,3444.551353,-0.198,0.258,22.58360616,93.94093041,3.225253374,0.882818284,26.86130905,8.144548943617139
Tunisia,2007,3642.119774,-0.198,0.258,23.0432472,104.059401,2.966944325,0.916799635,26.42863083,8.200321146622136
Tunisia,2008,3760.118285,-0.198,0.258,23.62881107,114.3436602,4.345028076,0.961991588,25.25867081,8.23220569466572
Tunisia,2009,3835.250119,-0.198,0.258,24.33347194,93.01687879,3.664903306,1.01963219,25.26201057,8.251989931752847
Tunisia,2010,3906.906259,-0.233,0.254,26.00780836,100.1510098,3.338979636,1.076732866,24.84683037,8.270501101677905
Tunisia,2012,3900.046201,0.422,0.65,23.85623348,101.5507239,4.611844322,1.129111331,20.99101067,8.268743678457826
Tunisia,2015,4014.947737,1.048,0.737,20.98144589,87.24853066,4.437371273,1.128719734,22.66534042,8.297779609359653
Tunisia,2019,4153.279786,1.059,0.733,19.43468817,102.3326147,6.720075329,0.926946082,17.64667702,8.331653610973852
Tunisia,2020,3749.268415,1.317,0.758,15.84557928,84.33332971,5.634151159,0.830022186,20.81347466,8.229316010598724
Tunisia,2021,3902.53323,1.623,0.778,15.85591503,93.63341407,5.706350208,0.620790375,19.75151634,8.269381167407786
Tunisia,2022,3986.545583,1.623,0.778,16.31480625,116.0957944,8.306461244,0.585173209,19.97026253,8.29068036621808
Tunisia,2023,3967.333876,1.623,0.746,15.73686102,112.128858,9.328995975,0.666925035,18.1078968,8.285849580320413
Turkiye,2008,8447.939764,1.293,0.683,27.30510559,50.76125001,10.44412838,1.265603365,9.736834526,9.04167787571229
Turkiye,2009,7925.301104,1.368,0.693,22.96235157,47.03913857,6.250976631,1.380302716,9.728276253,8.977815592219304
Turkiye,2010,8472.578091,1.005,0.647,24.87828284,46.94333667,8.566444206,1.519430938,10.5881834,9.044590120434894
Turkiye,2011,9265.859102,1.005,0.647,27.98874884,53.6515839,6.471879671,1.467774164,11.37252045,9.134091859946889
Turkiye,2012,9588.320665,0.988,0.644,27.3995231,53.3277613,8.891569965,1.27471802,12.13588142,9.168301039404701
Turkiye,2013,10269.44891,0.062,0.501,28.79532889,53.068353,7.493090305,1.284414747,10.92226315,9.236928641307577
Turkiye,2014,10597.98019,0.612,0.566,29.08433332,54.30677404,8.854572714,1.3490889,11.8140831,9.268418713830354
Turkiye,2015,11064.64945,0.404,0.499,30.01191304,51.87492526,7.670853648,1.33411577,11.84854317,9.311510571007247
Turkiye,2016,11279.61695,0.253,0.319,30.04330846,48.87018381,7.775134153,1.345425935,11.40742683,9.330752566142118
Turkiye,2017,12005.64598,0.34,0.346,30.2598822,56.13565852,11.14431108,1.296755712,10.80920601,9.393132316453835
Turkiye,2018,12255.00821,0.373,0.372,30.29540326,62.82513239,16.3324639,1.353602986,10.7427702,9.41368996589263
Turkiye,2019,12238.29502,0.722,0.424,26.46292938,62.57845893,15.17682157,1.429696881,11.1729641,9.41232525061213
Turkiye,2020,12338.64383,0.487,0.402,27.95060649,60.38985312,12.27895745,0.970386031,9.311233521,9.420491391095746
Turkiye,2021,13670.93803,0.345,0.385,28.39209633,69.60889761,19.59649269,0.910444903,8.809844971,9.523027546968752
Turkiye,2022,14273.57477,0.522,0.398,30.5449887,79.89827223,72.30883599,0.984586244,8.778811455,9.566165188559033
Uganda,2000,509.1975532,-0.302,0.395,19.23396461,32.74903334,3.392021585,3.144183603,10.35486984,6.232836061487103
Uganda,2004,585.3394891,-0.302,0.395,19.9444298,35.46008625,3.72128744,2.999445195,20.30834007,6.372192002157302
Uganda,2010,768.6240917,-0.365,0.324,26.64901614,38.26924904,3.976552885,2.943891335,10.10488987,6.644602022552331
Uganda,2011,816.5163666,-0.386,0.308,26.38115249,39.75522556,16.56434962,2.931949137,13.61137009,6.7050469570350995
Uganda,2012,823.5804683,-0.495,0.299,25.78059744,43.50213714,12.67903772,2.904226084,11.45189953,6.71366125984086
Uganda,2013,828.9886697,-0.495,0.31,31.46642041,43.10915487,4.905208757,2.869551639,11.74312019,6.7202064876112555
Uganda,2014,845.9786648,-0.248,0.344,26.23153291,36.01440108,3.07570669,2.951444999,11.70491028,6.7404941403756915
Uganda,2015,862.9346104,-0.248,0.344,23.26290743,37.68929833,5.589686063,3.073292939,13.22008038,6.760338918108441
Uganda,2016,874.6483706,-0.784,0.284,24.8711104,31.20936202,5.706375046,3.321924914,12.46916962,6.7738219434179445
Uganda,2017,871.09388,-0.931,0.264,24.05242289,36.83705293,5.209717059,3.490595909,12.19733047,6.76974975520035
Uganda,2018,895.0751279,-0.931,0.221,23.75044499,36.6384056,2.61601191,3.397410976,11.2536602,6.79690765653965
Uganda,2019,920.9391015,-0.931,0.227,24.90245625,39.36105396,2.867588034,3.391321423,8.897107124,6.825393911919304
Uganda,2020,917.0350318,-0.486,0.287,23.5178704,37.00069239,3.313322895,3.333417511,8.528804779,6.8211456741439935
Uganda,2021,919.4016752,-0.664,0.295,23.33958244,41.71363074,2.204572048,3.217736618,8.214560509,6.823723105428331
Uganda,2022,933.0940564,-0.693,0.319,23.44758148,34.50530193,7.19578886,3.00759449,8.482364655,6.8385060064843985
Uganda,2023,955.7457973,-0.772,0.322,22.08436797,33.34169633,5.350948043,2.80083229,8.626471519,6.862491975287231
Ukraine,2001,1547.27832,0.417,0.537,19.77033266,99.92612762,11.95880854,-0.911802334,12.46686459,7.344252743893555
Ukraine,2002,1644.28125,0.565,0.6,19.20619464,95.99466981,0.757420846,-0.878622609,14.30508041,7.405058637626521
Ukraine,2003,1814.258545,0.396,0.577,20.58120459,102.5901823,5.179677819,-0.746752569,14.18751431,7.503432148082389
Ukraine,2004,2042.444946,0.396,0.601,22.42437294,109.9817085,9.048067861,-0.697090406,12.69125748,7.62190287214812
Ukraine,2005,2122.601563,0.843,0.666,21.87000492,94.64757011,13.56957649,-0.824471243,13.72832489,7.660397767688518
Ukraine,2006,2298.132324,1.534,0.747,24.38948848,89.18105264,9.052524911,-0.646951977,13.68719482,7.739852038996338
Ukraine,2007,2498.352051,1.534,0.747,27.11947448,88.04656067,12.83877962,-0.45769125,14.01394081,7.8233866139018975
Ukraine,2008,2567.694092,1.742,0.769,25.90644709,94.17189214,25.22646171,-0.518999631,14.13898563,7.850763534661178
Ukraine,2009,2188.170166,1.742,0.769,18.31745583,87.47616262,15.88119246,-0.41831808,15.1279726,7.690820932912637
Ukraine,2010,2285.933838,0.994,0.642,18.01621474,95.72973045,9.372931051,-0.360396779,15.23395824,7.734529901678703
Ukraine,2011,2418.12085,1.349,0.685,18.35132206,104.8050739,7.955724663,-0.319413471,14.6379528,7.790746009247567
Ukraine,2012,2426.929443,1.349,0.685,19.40352108,102.6227884,0.568727972,-0.21141212,14.92900562,7.794382133610563
Ukraine,2013,2432.41626,0.597,0.575,17.31584986,94.00166945,-0.238948626,-0.180396113,15.14117718,7.796640387979409
Ukraine,2014,2308.643555,-0.594,0.363,14.13604383,100.6917825,12.07185629,-0.335269423,14.08827209,7.744415425415387
Ukraine,2015,2094.473877,-0.146,0.454,13.54870699,107.8066163,48.69986464,-0.40865263,13.48008823,7.647057668120245
Ukraine,2016,2156.083008,0.279,0.517,15.45636374,105.5212049,13.9127102,-0.367748385,13.43158436,7.6760484322153895
Ukraine,2017,2217.75293,0.349,0.537,15.77628943,104.0349829,14.43832275,-0.397112648,14.39614487,7.704249768558656
Ukraine,2018,2308.666992,0.263,0.584,17.647267,99.19981507,10.95185594,-0.501151979,14.22960758,7.744425577212526
Ukraine,2019,2398.078369,0.898,0.687,17.61584412,90.51123429,7.886717456,-0.557746011,14.55809975,7.782423016037601
Ukraine,2020,2324.107422,1.256,0.725,13.36597643,79.15645238,2.732492094,-0.61903773,13.27300739,7.751091339795123
Ukraine,2021,2426.612305,1.158,0.723,13.20475031,82.69796136,9.363139177,-0.857231073,14.25187588,7.794251450485984
Ukraine,2022,1874.662964,0.611,0.62,11.86948786,87.39651399,20.18363666,-7.619320226,8.48585701,7.536184169713755
United Kingdom,1995,33362.01613,1.169,0.889,18.32414925,50.8300767,2.697495183,0.264547417,11.37203503,10.415173290198087
United Kingdom,1996,34147.34591,1.169,0.889,18.86321172,52.05760889,2.851782364,0.254626384,11.39144039,10.438440143384254
United Kingdom,1997,35721.61059,1.169,0.889,17.54649524,50.70456184,2.201143135,0.257553323,11.53239822,10.483511123279655
United Kingdom,1998,36773.92878,2.509,0.952,17.95236158,49.14090889,1.820561637,0.291406085,11.48801804,10.512544416017509
United Kingdom,1999,37730.71556,2.993,0.978,17.90868106,49.46839052,1.752950801,0.333405882,12.40655708,10.538229778058136
United Kingdom,2000,39297.13663,2.993,0.978,18.2268712,52.33802123,1.182956242,0.357300887,13.25675869,10.578906935915454
United Kingdom,2001,40082.13594,2.993,0.961,18.10677055,52.63423673,1.532349603,0.38497597,13.61395931,10.598686026254951
United Kingdom,2002,40594.93293,3.041,0.962,18.1258716,51.2361821,1.520402459,0.42333708,14.73397255,10.61139853312127
United Kingdom,2003,41706.83039,3.041,0.962,17.86547665,50.0681187,1.376500385,0.465641114,14.47748947,10.638420192694756
United Kingdom,2004,42434.8209,3.041,0.962,17.79876019,50.28855218,1.390397567,0.568943113,13.88548374,10.65572455182223
United Kingdom,2005,43320.56287,3.041,0.962,18.13006815,52.54427404,2.08913649,0.686611306,13.37721157,10.676382694336148
United Kingdom,2006,43944.99858,3.041,0.962,18.35475752,56.70477917,2.455661664,0.735048678,13.75953293,10.690694098685626
United Kingdom,2007,44882.14131,3.041,0.962,18.81978103,52.7493525,2.386561508,0.778666112,13.79046059,10.711795250956797
United Kingdom,2008,44508.28746,3.041,0.962,18.41261202,56.43655011,3.521408563,0.787032622,13.03092194,10.703430685870917
United Kingdom,2009,42146.50959,3.041,0.962,16.98885152,54.65373011,1.961731736,0.75639086,13.13495445,10.648907150748457
United Kingdom,2010,42762.72084,3.041,0.962,16.59280411,59.05118022,2.492654725,0.783888647,13.21977806,10.663421993610438
United Kingdom,2011,42791.09343,3.041,0.962,16.18113171,63.32406157,3.856112447,0.781506562,12.70050621,10.664085262484708
United Kingdom,2012,43136.70068,2.735,0.947,16.27215532,61.96887045,2.573234797,0.712282568,12.24986076,10.672129437648957
United Kingdom,2013,43585.19362,2.735,0.925,16.59458088,61.71953952,2.291666667,0.669537112,12.09499931,10.68247277578983
United Kingdom,2014,44627.88183,2.735,0.925,17.178062,58.82102283,1.451120163,0.747135715,12.33209229,10.706114095820347
United Kingdom,2015,45255.34492,2.735,0.925,17.94995477,57.12504461,0.368046842,0.721624003,12.25917435,10.720076061931486
United Kingdom,2016,45888.01051,2.735,0.925,18.56895232,59.83953151,1.008417368,0.794219715,12.21099567,10.73395915299518
United Kingdom,2017,47018.02548,2.735,0.925,18.96766294,63.18992458,2.557755776,0.54570602,12.24641514,10.758286328017936
United Kingdom,2018,47514.77637,2.735,0.925,18.69012078,64.9097722,2.292839903,0.488451313,12.08059025,10.768796023120608
United Kingdom,2019,47864.75887,2.735,0.916,18.83130689,65.00356642,1.738104601,0.514596381,11.99214268,10.776134789657538
United Kingdom,2020,42982.4631,2.306,0.923,18.22164803,59.1598893,0.989486704,0.169447088,10.44075298,10.668547476604713
United Kingdom,2021,46487.34247,2.306,0.897,18.53661246,58.53838629,2.518371096,0.35893793,11.05457306,10.74693534957472
United Kingdom,2022,48433.00984,2.306,0.897,19.00266142,69.19892644,7.922048831,0.921336799,10.64375019,10.787936881721366
United States,1972,26668.16901,1.895,0.902,21.86864304,11.34061965,3.272278247,1.070522752,17.48853111,10.19122596127599
United States,1973,27906.13564,1.895,0.902,22.2178569,13.07921559,6.177760064,0.954476729,17.77884865,10.236601859043795
United States,1974,27502.8549,1.895,0.902,21.78958261,16.44498632,11.0548048,0.913660196,17.63812637,10.22204509281176
United States,1975,27177.01676,1.895,0.902,20.64877287,15.51637363,9.143146865,0.985986067,17.39173317,10.210126923035151
United States,1976,28370.457,1.895,0.902,21.12477127,16.04884564,5.744812635,0.950220049,17.35178566,10.253103636238542
United States,1977,29385.31926,1.895,0.902,22.45394188,16.41789468,6.501683995,1.005771996,16.9860611,10.288250483714632
United States,1978,30684.99877,1.895,0.902,23.73504156,16.97283423,7.630963839,1.05957308,16.53713417,10.331529174738465
United States,1979,31309.04932,1.895,0.902,24.4266334,18.3761632,11.25447113,1.103576565,16.32645416,10.351662450397319
United States,1980,30930.42145,1.895,0.902,23.53187809,20.10984469,13.54920197,0.959589923,15.55438328,10.339495491515802
United States,1981,31405.60626,2.487,0.931,23.34737847,19.42591317,10.33471534,0.981415437,14.89594269,10.354741699271486
United States,1982,30546.75875,2.487,0.931,22.51610374,17.53681228,6.131427,0.953317566,14.27209949,10.32701386240809
United States,1983,31656.17366,2.487,0.931,22.41124061,16.66559348,3.212435233,0.914378513,13.96642208,10.362688468898078
United States,1984,33654.30793,2.487,0.931,23.47590024,17.52240742,4.300535475,0.865817336,14.06712055,10.423896348572704
United States,1985,34748.26687,2.487,0.931,23.68534164,16.60390613,3.545644152,0.886129041,14.02423763,10.455884975504572
United States,1986,35620.75936,2.487,0.931,23.59714134,16.89797715,1.898047722,0.924164157,14.21577454,10.480683874976892
United States,1987,36523.40449,2.487,0.931,23.06105909,17.97358098,3.664563218,0.893829201,14.44088078,10.505708552981691
United States,1988,37705.06004,2.487,0.931,22.47485791,19.07010071,4.077741107,0.90799904,14.85214615,10.537549582997235
United States,1989,38722.25215,2.487,0.931,22.0229262,19.41511066,4.82700303,0.944405555,15.19739532,10.564169704729986
United States,1990,39009.37251,2.487,0.942,21.28528172,19.81506735,5.39795644,1.12965052,15.21074295,10.571557217008603
United States,1991,38449.88153,2.487,0.942,20.11701931,19.78644812,4.234963965,1.336260741,15.35812092,10.5571108937847
United States,1992,39256.04813,2.487,0.942,19.82716511,19.9505945,3.028819678,1.386885692,15.10282803,10.577860803823604
United States,1993,39807.8795,2.487,0.942,20.09015305,20.0446187,2.951656966,1.31868,15.27487469,10.591820149064526
United States,1994,40907.01844,2.487,0.942,20.40379919,21.05545916,2.607441592,1.226296089,15.55273533,10.619056927309297
United States,1995,41507.91356,2.487,0.942,20.86459909,22.45338165,2.805419689,1.190787091,15.8898735,10.633639376232878
United States,1996,42575.68969,2.487,0.942,21.32030211,22.68707199,2.9312042,1.16341162,16.1000061,10.659038704812481
United States,1997,43936.905,2.487,0.942,21.58283004,23.42832109,2.337689937,1.203960297,16.61201668,10.690509906498312
United States,1998,45374.62152,2.487,0.942,22.25525168,22.82589095,1.552279099,1.165714526,17.13472939,10.72270823037534
United States,1999,47004.46902,2.487,0.942,22.78767769,23.3135637,2.188027197,1.148340047,17.55502129,10.757997961703769
United States,2000,48379.75517,2.487,0.942,23.14628853,25.10299536,3.376857271,1.112768997,17.98815536,10.786836723588998
United States,2001,48361.01676,2.98,0.936,22.53850716,22.96718134,2.826171119,0.989741382,17.68960953,10.786449329321606
United States,2002,48729.15864,2.98,0.91,21.53989084,22.28637411,1.586031627,0.927797486,17.3132019,10.794032869938446
United States,2003,49662.75205,2.98,0.819,21.62262063,22.62731301,2.270094973,0.859481713,16.98161697,10.813010475367967
United States,2004,51098.5573,2.98,0.819,22.12774208,24.44806226,2.677236693,0.925483969,16.96195602,10.841511542916528
United States,2005,52393.45131,2.98,0.866,22.93463698,25.63855303,3.392746845,0.921713167,16.69881058,10.866536887499107
United States,2006,53335.5897,2.667,0.839,23.03816705,26.9752781,3.225944101,0.964253917,16.80922508,10.884359111527944
United States,2007,53889.3965,2.987,0.866,22.32301608,28.01201768,2.852672482,0.951055243,16.70581245,10.894689012126666
United States,2008,53442.71369,2.987,0.913,21.23547849,29.86779579,3.839100297,0.945865287,16.22013283,10.886365587048505
United States,2009,51611.32171,3.085,0.949,18.81013804,24.75953117,-0.355546266,0.876651299,15.60106182,10.851496340386642
United States,2010,52555.76951,3.085,0.954,18.31394453,28.21989523,1.640043442,0.846129866,15.56168556,10.869630161144363
United States,2011,52956.66303,3.085,0.954,18.7369868,30.84248624,3.156841569,0.792394333,15.50748062,10.877229179373458
United States,2012,53738.14767,3.085,0.954,19.51260255,30.68183537,2.069337265,0.798382901,15.59922123,10.891878413209227
United States,2013,54462.62524,3.085,0.954,19.79839807,30.00795397,1.464832656,0.756560083,16.02462769,10.905269969986973
United States,2014,55394.45104,3.085,0.954,20.48649377,30.00447816,1.622222977,0.796023798,16.00461388,10.922234705986002
United States,2015,56572.9189,3.085,0.954,20.75022353,27.82356492,0.118627136,0.797904713,16.05246353,10.943285685026222
United States,2016,57151.47084,3.085,0.954,20.80166324,26.60796206,1.261583206,0.785625486,15.97381687,10.953460405374718
United States,2017,58151.70214,3.085,0.948,21.13439376,27.31302089,2.130110004,0.692906253,15.9008255,10.970810429057531
United States,2018,59526.6657,3.085,0.938,21.42404286,27.61037927,2.442583297,0.586433075,15.7807312,10.994179654163878
United States,2019,60750.98986,3.085,0.938,21.48974852,26.45375949,1.812210075,0.515108555,15.51713371,11.014538655061818
United States,2020,59194.66652,2.381,0.898,21.88872427,23.401563,1.233584396,0.408427567,12.65421581,10.98858672424595
Uruguay,2000,11096.33096,3.251,0.977,14.31854462,36.71373815,4.763824727,0.373944816,8.35916996,9.314369788514524
Uruguay,2001,10643.5574,3.251,0.977,13.6566726,36.30951264,4.359340652,0.246007398,9.22963047,9.272710049121033
Uruguay,2002,9806.771306,3.251,0.977,12.35327221,40.02906731,13.97247259,0.140879525,7.712659836,9.19082837565473
Uruguay,2003,9878.756843,3.251,0.977,12.52072423,51.75919958,19.37973017,0.070700651,6.836269855,9.19814195721792
Uruguay,2004,10366.90674,3.251,0.977,14.36748947,61.47668809,9.157605075,0.059777582,8.609239578,9.246373967430426
Uruguay,2005,11131.39849,3.251,0.977,16.54745741,58.87769633,4.69927739,0.079860937,9.470970154,9.317525086870388
Uruguay,2006,11574.47054,3.251,0.977,18.23698775,61.97157452,6.397649744,0.113607393,9.841210365,9.356557136223588
Uruguay,2011,15443.99619,3.251,0.977,19.11856764,53.24703401,8.092832063,0.248141512,15.16254997,9.64497561068635
Uruguay,2013,16639.40548,3.251,0.947,21.84250323,49.71784647,8.57513504,0.297452387,14.37047005,9.719528985371541
Uruguay,2014,17122.03646,3.251,0.947,21.43812281,49.08762406,8.877353332,0.328187101,14.44427013,9.748121594724296
Uruguay,2015,17125.90168,3.251,0.947,19.78623652,45.32824081,8.666269871,0.347483698,14.72430038,9.74834731459103
Uruguay,2016,17357.235,3.251,0.947,16.9435969,48.47055838,9.639413476,0.333941294,14.71014023,9.761764701335311
Uruguay,2017,17611.60367,3.251,0.98,16.2395166,46.3780042,6.218093826,0.270549143,14.86126041,9.776313263215672
Uruguay,2018,17608.94412,3.251,0.98,14.75617476,47.79131048,7.606533604,0.179744267,15.18311977,9.776162240578493
Uruguay,2019,17758.43844,3.251,0.98,14.49100617,49.74483412,7.881988709,0.078683817,15.18854046,9.784616087004796
Uruguay,2020,16443.3635,3.251,0.98,15.43574919,47.73187332,9.756406361,0.051852705,13.88136959,9.70767724014141
Uruguay,2021,17416.00522,3.251,0.965,17.67126006,58.31504102,7.747914023,-0.066895609,14.77762032,9.76514490263873
Uruguay,2022,18228.35584,3.251,0.965,19.01896343,61.0307951,9.104379831,-0.170369338,14.9307003,9.810733673808327
Uruguay,2023,18378.98336,3.251,0.965,17.19603612,52.91098707,5.869103599,-0.083552225,15.43375587,9.818963082083922
Uzbekistan,2011,2271.009362,-0.438,0.184,20.7843667,49.65428849,13.77974465,1.530181685,25.57513046,7.727979664510095
Uzbekistan,2012,2395.840368,-0.438,0.184,20.89484328,44.23931913,13.20880267,1.510595144,25.83145905,7.781489332641881
Uzbekistan,2013,2530.684479,-0.438,0.184,21.76175948,42.37791497,11.84143336,1.567055601,25.10162926,7.83624509019014
Uzbekistan,2014,2659.990751,-0.438,0.184,22.18535144,36.35705466,9.283093562,1.664603832,25.3249588,7.886077924702031
Uzbekistan,2015,2803.19018,-0.638,0.166,22.0905771,30.75619143,8.751881967,1.726570034,24.52449989,7.938513397596667
Uzbekistan,2016,2918.677259,-0.638,0.15,21.6785573,29.19229704,8.130886695,1.725621509,24.87334442,7.978885799136629
Uzbekistan,2017,2995.767614,0.232,0.395,22.96716335,42.55950819,13.87574254,1.694424895,23.40437126,8.004955776208197
Uzbekistan,2018,3108.161879,0.377,0.466,29.75165409,64.1381395,17.52417965,1.727068824,21.81692123,8.041786794751516
Uzbekistan,2019,3259.369646,0.401,0.491,36.78766841,64.96392276,14.52573596,1.809744429,25.59158516,8.089289095541575
Uzbekistan,2020,3249.051911,0.401,0.509,34.5449983,56.05153083,12.86772974,1.868306716,21.8166008,8.086118513073009
Uzbekistan,2021,3442.724845,0.401,0.509,32.15115523,57.4589717,10.84923975,1.938209992,21.43250847,8.144018542921621
Vanuatu,1994,2780.061533,2.785,0.92,21.46375533,92.87237171,2.302560792,2.386280769,17.5349102,7.930228340612388
Vanuatu,1998,2793.249213,2.785,0.938,16.76084552,94.74093342,3.282159873,2.089388892,27.40110016,7.934960789676759
Vanuatu,1999,2745.169473,2.785,0.938,18.55288642,91.23233024,1.998974885,2.072995553,25.82177925,7.917598090835684
Vanuatu,2000,2841.739094,2.785,0.938,19.17950909,87.15579178,2.537688442,2.298589779,27.5241909,7.952171500783438
Vanuatu,2001,2676.929345,2.785,0.938,18.35912487,87.77214514,3.577554521,2.517943218,40.07754898,7.892425649821276
Vanuatu,2002,2475.166364,2.785,0.938,18.99707274,91.69972369,1.963567542,2.49797167,36.40961838,7.814062890521555
Vanuatu,2003,2518.521315,2.785,0.938,16.23162004,91.56798959,3.016241299,2.462499211,44.80179977,7.831427228520945
Vanuatu,2008,2875.085241,2.785,0.938,40.35380786,105.7748526,4.841713222,2.508097161,21.40563011,7.963837601835405
Vanuatu,2009,2888.137158,2.785,0.938,39.92601609,108.4891791,4.29706573,2.539151745,18.72315025,7.968366991267261
Vanuatu,2014,2807.83423,2.785,0.938,23.51077144,105.1993183,0.798863838,2.237417559,22.19061089,7.940168728502789
Vanuatu,2015,2854.894123,2.785,0.946,32.8582816,108.7586657,2.483268757,2.22716538,12.70886993,7.956790036638881
Vanuatu,2016,2889.014048,2.785,0.946,24.48967896,106.3519353,0.842069084,2.224593213,12.48924732,7.968670563036621
Vanuatu,2017,2946.961862,2.785,0.946,27.14386586,105.5265737,3.084526244,2.332132561,13.25601387,7.988530041357722
Vanuatu,2018,2960.653767,2.785,0.946,26.31014875,110.6796598,2.330963796,2.395434581,20.13215065,7.99316539016026
Vanuatu,2019,2986.203691,2.785,0.936,23.84178688,99.38296882,2.762520194,2.330489157,4.455299854,8.00175819111082
Vanuatu,2020,2771.870988,2.785,0.926,32.70973706,69.91489483,5.329350731,2.326611311,5.011050224,7.927277818101181
Vanuatu,2021,2666.302698,2.785,0.926,46.08980706,59.95212597,2.343283582,2.318509214,20.0074501,7.888448034428494
Vanuatu,2022,2740.275455,2.785,0.926,37.86790685,63.59961217,6.679305819,2.319650826,20.93910027,7.915813725351109
Vietnam,2008,1856.005199,1.17,0.593,31.80520121,154.3174796,23.11544835,1.827455213,18.00123978,7.526181714527567
Vietnam,2009,1927.134271,1.17,0.593,33.85713393,134.7063177,6.7169827,1.496487238,15.18871021,7.5637893447622115
Vietnam,2010,2027.581844,1.17,0.593,35.15968653,113.9776875,9.207466488,1.144402597,17.05666924,7.614599152129221
Vietnam,2011,2132.904538,1.17,0.593,30.56940665,125.2605779,18.67773228,1.151834061,17.81126976,7.665239962664386
Vietnam,2012,2224.114043,1.147,0.595,28.65273279,123.2241167,9.094703396,1.170987408,18.78499031,7.707113932383122
Vietnam,2013,2320.084314,1.14,0.658,28.30278453,130.8463549,6.592674759,1.180297555,18.51551056,7.749358806241371
Vietnam,2014,2439.286557,1.14,0.658,28.40470203,135.4105215,4.084554466,1.214234636,16.81229019,7.79946088085946
Vietnam,2015,2577.568853,1.14,0.658,30.17672554,144.9142282,0.631200905,1.239754031,15.0167532,7.85460192862841
Vietnam,2016,2715.578874,1.14,0.658,29.89385935,145.409508,2.66824817,1.259883665,15.13021183,7.906760422900987
Vietnam,2017,2868.1368,1.14,0.617,30.54476491,160.9800837,3.520256888,1.244204736,15.47429657,7.961417899326732
Vietnam,2018,3048.283276,1.14,0.617,30.34149307,164.6639368,3.539628059,1.107913952,15.35673809,8.022333850808248
Vietnam,2019,3241.07649,0.812,0.545,30.36256754,164.704215,2.795823675,0.968366699,15.57194901,8.083660803603566
Vietnam,2020,3303.169498,0.806,0.577,30.27781764,163.2458628,3.220934367,0.927434296,14.47188091,8.102637740453199
Vietnam,2021,3358.217348,0.967,0.549,31.03485512,186.6758328,1.834715548,0.868883561,14.81748676,8.11916556097469
Vietnam,2022,3617.663115,0.877,0.568,30.56584129,183.1536191,3.1565075,0.750756665,15.44934464,8.193583548021227
"Yemen, Rep.",2000,2114.672656,-0.818,0.377,18.9276616,75.43883864,4.59,3.077428936,30.4892807,7.656655306925035
"Yemen, Rep.",2001,2129.772688,-0.818,0.377,19.56042383,70.89239798,11.91159129,3.021568132,30.32127953,7.66377053375974
"Yemen, Rep.",2008,2244.044917,-0.818,0.377,15.41591092,81.24471885,18.97625743,3.212328121,12.48923969,7.716035282930673
Zambia,2012,1258.789386,1.034,0.767,23.8778546,75.36770986,6.575899708,3.242600262,17.51196861,7.137905733314856
Zambia,2013,1280.770122,1.034,0.76,25.80039833,80.45624102,6.977676055,3.202688457,17.46791649,7.155216833802667
Zambia,2015,1295.877887,1.435,0.803,38.45313887,79.86526876,10.11059289,3.120137279,16.72611046,7.166943649479128
Zambia,2016,1303.575139,0.779,0.722,36.42059057,73.95856125,17.86973008,3.094090541,15.66362,7.172865875747492
Zambia,2017,1308.768292,0.891,0.742,38.80725651,71.58569465,6.577311542,3.067541377,14.93433952,7.176841738782393
Zambia,2018,1321.250457,1.636,0.829,35.05759891,74.88836953,7.494571927,3.006018618,17.09090042,7.186333883068967
Zambia,2019,1301.18133,1.609,0.837,35.75661838,68.79120494,9.150316443,2.961621662,15.29186535,7.171027846202376
Zambia,2020,1228.735001,0.813,0.742,29.82285065,79.20684941,15.73306047,2.904164937,12.37802505,7.113740464672733
Zambia,2023,1330.859982,1.778,0.849,26.43740951,78.24188705,10.88453169,2.794067587,13.85877514,7.193580615265664
Zimbabwe,2010,1056.208846,-1.471,0.122,17.01147517,83.12340479,3.022670025,1.61334322,21.81158829,6.962441215545467
Zimbabwe,2011,1184.93421,-1.471,0.122,14.63427599,89.46594372,3.466129728,1.772651405,24.09768677,7.077442533040654
Zimbabwe,2012,1360.1523,-1.471,0.122,12.14850936,74.16270038,3.725326661,1.623064676,25.94989777,7.21535195775433
Zimbabwe,2013,1367.818317,-1.036,0.176,9.18157664,58.65607371,1.634950415,1.407921698,26.23348999,7.220972280152045
Zimbabwe,2014,1381.254041,-1.386,0.123,9.608828279,54.67175925,-0.19778481,1.371694053,27.58589554,7.230747090872643
Zimbabwe,2015,1387.126326,-1.386,0.123,9.995869475,56.74965266,-2.430968424,1.339959276,29.47082901,7.234989494754307
Zimbabwe,2016,1378.342562,-1.698,0.094,9.808237168,51.21903766,-1.543669601,1.388200293,23.52708435,7.228637014293264
Zimbabwe,2017,1422.919489,-1.459,0.14,11.39934192,55.02831783,0.893962316,1.442853821,19.69122887,7.26046601813365
Zimbabwe,2018,1472.146038,-1.448,0.107,11.04825626,54.55031659,10.61886587,1.487416378,19.15878487,7.294476504965602
Zimbabwe,2019,1357.530878,-1.885,0.068,8.841332054,46.10654427,255.3049908,1.563533516,10.46358871,7.213422797774077
Zimbabwe,2020,1230.819334,-0.842,0.158,8.531114862,40.17840622,557.2018174,1.659352809,15.66661072,7.115435351806798
